ADANIPORTS,2018-05-03 09:25:00,B,124.0,402.7,13.040000000000873,
ADANIPORTS,2018-05-03 15:15:00,S,124.0,397.35,9336.600000000006,9336.600000000006
ADANIPORTS,2018-05-04 09:20:00,B,117.0,396.65,1.8342955980060651,
ADANIPORTS,2018-05-04 15:15:00,S,117.0,407.95,9283.444295598007,9283.444295598007
ADANIPORTS,2018-05-07 09:15:00,B,112.0,409.35,63.59335197600558,
ADANIPORTS,2018-05-07 15:15:00,S,112.0,412.05,9233.033351976006,9233.033351976006
ADANIPORTS,2018-05-08 09:20:00,B,126.0,413.75,79.35428224800489,
ADANIPORTS,2018-05-08 15:15:00,S,126.0,411.75,10253.854282248005,10253.854282248005
ADANIPORTS,2018-05-09 09:20:00,B,127.0,411.15,57.319698018000054,
ADANIPORTS,2018-05-09 15:15:00,S,127.0,413.7,10500.529698018,10500.529698018
ADANIPORTS,2018-05-10 09:15:00,B,126.0,412.75,43.11574579350054,
ADANIPORTS,2018-05-10 15:15:00,S,126.0,410.35,10142.015745793506,10142.015745793506
ADANIPORTS,2018-05-11 09:20:00,B,126.0,411.75,34.202404267512975,
ADANIPORTS,2018-05-11 15:15:00,S,126.0,412.85,10410.302404267512,10410.302404267512
ADANIPORTS,2018-05-14 09:15:00,B,125.0,411.85,58.39442855151174,
ADANIPORTS,2018-05-14 15:15:00,S,125.0,409.85,10104.644428551512,10104.644428551512
ADANIPORTS,2018-05-15 09:30:00,B,125.0,406.75,19.466565176524455,
ADANIPORTS,2018-05-15 15:15:00,S,125.0,409.4,10188.216565176524,10188.216565176524
ADANIPORTS,2018-05-16 09:15:00,B,125.0,404.65,17.31906936402629,
ADANIPORTS,2018-05-16 15:15:00,S,125.0,403.35,9971.069069364032,9971.069069364032
ADANIPORTS,2018-05-17 09:15:00,B,127.0,401.35,53.919921864031494,
ADANIPORTS,2018-05-17 15:15:00,S,127.0,396.35,9613.209921864032,9613.209921864032
ADANIPORTS,2018-05-18 09:15:00,B,121.0,394.5,12.02874175503166,
ADANIPORTS,2018-05-18 15:15:00,S,121.0,389.15,8911.57874175502,8911.57874175502
ADANIPORTS,2018-05-21 09:15:00,B,114.0,386.65,45.15212538352171,
ADANIPORTS,2018-05-21 15:15:00,S,114.0,383.5,8501.67212538353,8501.67212538353
ADANIPORTS,2018-05-22 09:15:00,B,111.0,380.3,11.972954442529954,
ADANIPORTS,2018-05-22 15:15:00,S,111.0,380.0,8421.332954442527,8421.332954442527
ADANIPORTS,2018-05-23 09:15:00,B,110.0,379.5,27.122120199526762,
ADANIPORTS,2018-05-23 15:15:00,S,110.0,374.2,7793.122120199527,7793.122120199527
ADANIPORTS,2018-05-24 09:20:00,B,103.0,374.45,35.02926622952691,
ADANIPORTS,2018-05-24 15:15:00,S,103.0,371.45,7439.699266229527,7439.699266229527
ADANIPORTS,2018-05-25 09:15:00,B,100.0,368.95,19.537264062528266,
ADANIPORTS,2018-05-25 15:15:00,S,100.0,380.1,7398.537264062527,7398.537264062527
ADANIPORTS,2018-05-28 09:15:00,B,96.0,380.5,52.826631512527456,
ADANIPORTS,2018-05-28 15:15:00,S,96.0,378.65,7180.826631512521,7180.826631512521
ADANIPORTS,2018-05-29 09:15:00,B,109.0,378.45,6.572279848529433,
ADANIPORTS,2018-05-29 15:15:00,S,109.0,377.2,8120.532279848529,8120.532279848529
ADANIPORTS,2018-05-30 09:25:00,B,108.0,372.35,33.64602659502816,
ADANIPORTS,2018-05-30 15:15:00,S,108.0,375.8,8076.406026595028,8076.406026595028
ADANIPORTS,2018-05-31 09:15:00,B,108.0,371.5,8.726140453029075,
ADANIPORTS,2018-05-31 15:15:00,S,108.0,392.4,8033.126140453029,8033.126140453029
ADANIPORTS,2018-06-01 09:15:00,B,107.0,389.5,26.263280601026054,
ADANIPORTS,2018-06-01 15:15:00,S,107.0,387.9,8190.3632806010155,8190.3632806010155
ADANIPORTS,2018-06-04 09:15:00,B,135.0,383.1,59.299390523012335,
ADANIPORTS,2018-06-04 15:15:00,S,135.0,377.85,9694.249390523013,9694.249390523013
ADANIPORTS,2018-06-05 09:15:00,B,127.0,378.0,38.006208465514646,
ADANIPORTS,2018-06-05 15:15:00,S,127.0,373.5,9067.70620846552,9067.70620846552
ADANIPORTS,2018-06-06 09:20:00,B,120.0,375.3,9.369205710519964,
ADANIPORTS,2018-06-06 15:15:00,S,120.0,376.0,9016.56920571052,9016.56920571052
ADANIPORTS,2018-06-07 09:25:00,B,118.0,379.25,17.972994950521752,
ADANIPORTS,2018-06-07 15:15:00,S,118.0,379.75,8968.272994950521,8968.272994950521
ADANIPORTS,2018-06-08 09:15:00,B,118.0,378.65,68.15462093052156,
ADANIPORTS,2018-06-08 15:15:00,S,118.0,380.45,9004.294620930521,9004.294620930521
ADANIPORTS,2018-06-11 09:30:00,B,116.0,385.55,70.55222653252167,
ADANIPORTS,2018-06-11 15:15:00,S,116.0,381.55,8551.312226532522,8551.312226532522
ADANIPORTS,2018-06-12 09:30:00,B,113.0,384.9,17.29586217652468,
ADANIPORTS,2018-06-12 15:15:00,S,113.0,390.05,8716.035862176523,8716.035862176523
ADANIPORTS,2018-06-13 09:25:00,B,110.0,390.65,74.83281493802315,
ADANIPORTS,2018-06-13 15:15:00,S,110.0,382.95,7822.132814938022,7822.132814938022
ADANIPORTS,2018-06-14 09:15:00,B,109.0,381.65,38.513331778034626,
ADANIPORTS,2018-06-14 15:15:00,S,109.0,374.25,7551.883331778035,7551.883331778035
ADANIPORTS,2018-06-15 09:30:00,B,100.0,374.5,17.7324251770342,
ADANIPORTS,2018-06-15 15:15:00,S,100.0,372.15,7272.732425177028,7272.732425177028
ADANIPORTS,2018-06-18 09:20:00,B,97.0,372.55,5.260113027027728,
ADANIPORTS,2018-06-18 15:15:00,S,97.0,370.75,7058.130113027029,7058.130113027029
ADANIPORTS,2018-06-19 09:25:00,B,94.0,369.85,66.32274945602876,
ADANIPORTS,2018-06-19 15:15:00,S,94.0,363.05,6380.302749456032,6380.302749456032
ADANIPORTS,2018-06-20 09:15:00,B,87.0,362.9,28.926706710031795,
ADANIPORTS,2018-06-20 15:15:00,S,87.0,365.95,6343.386706710032,6343.386706710032
ADANIPORTS,2018-06-21 09:25:00,B,84.0,373.5,34.62134264553151,
ADANIPORTS,2018-06-21 15:15:00,S,84.0,366.3,5704.621342645532,5704.621342645532
ADANIPORTS,2018-06-22 09:15:00,B,81.0,362.7,60.931536973531365,
ADANIPORTS,2018-06-22 15:15:00,S,81.0,366.05,5936.671536973531,5936.671536973531
ADANIPORTS,2018-06-25 09:20:00,B,80.0,366.45,41.853315561032105,
ADANIPORTS,2018-06-25 15:15:00,S,80.0,360.85,5457.053315561038,5457.053315561038
ADANIPORTS,2018-06-26 09:15:00,B,79.0,358.25,36.876844921040174,
ADANIPORTS,2018-06-26 15:15:00,S,79.0,362.0,5697.2268449210405,5697.2268449210405
ADANIPORTS,2018-06-27 09:20:00,B,78.0,362.6,10.18952359854029,
ADANIPORTS,2018-06-27 15:15:00,S,78.0,358.95,5382.049523598536,5382.049523598536
ADANIPORTS,2018-06-28 09:35:00,B,78.0,360.5,24.345012159536964,
ADANIPORTS,2018-06-28 15:15:00,S,78.0,361.5,5648.145012159536,5648.145012159536
ADANIPORTS,2018-06-29 09:15:00,B,77.0,363.6,18.53713779953705,
ADANIPORTS,2018-06-29 15:15:00,S,77.0,372.7,5617.977137799537,5617.977137799537
ADANIPORTS,2018-07-02 09:15:00,B,76.0,370.7,30.975516278539544,
ADANIPORTS,2018-07-02 15:15:00,S,76.0,362.95,5076.61551627854,5076.61551627854
ADANIPORTS,2018-07-03 09:15:00,B,79.0,360.65,49.166884524541274,
ADANIPORTS,2018-07-03 15:15:00,S,79.0,362.2,5747.436884524541,5747.436884524541
ADANIPORTS,2018-07-04 09:20:00,B,78.0,362.25,65.7469213680406,
ADANIPORTS,2018-07-04 15:15:00,S,78.0,360.0,5541.346921368041,5541.346921368041
ADANIPORTS,2018-07-05 09:15:00,B,78.0,358.45,41.79479816304229,
ADANIPORTS,2018-07-05 15:15:00,S,78.0,362.4,5633.614798163042,5633.614798163042
ADANIPORTS,2018-07-06 09:30:00,B,77.0,362.65,18.688428490041588,
ADANIPORTS,2018-07-06 15:15:00,S,77.0,365.1,5603.498428490042,5603.498428490042
ADANIPORTS,2018-07-09 09:20:00,B,80.0,367.5,1.5818108975408904,
ADANIPORTS,2018-07-09 15:15:00,S,80.0,366.65,5813.581810897541,5813.581810897541
ADANIPORTS,2018-07-10 09:25:00,B,80.0,372.9,4.367471177539301,
ADANIPORTS,2018-07-10 15:15:00,S,80.0,370.7,5794.767471177539,5794.767471177539
ADANIPORTS,2018-07-11 09:15:00,B,78.0,368.95,7.276514697539824,
ADANIPORTS,2018-07-11 15:15:00,S,78.0,373.9,5762.896514697539,5762.896514697539
ADANIPORTS,2018-07-12 09:15:00,B,76.0,373.1,60.74203666453832,
ADANIPORTS,2018-07-12 15:15:00,S,76.0,369.0,5420.262036664533,5420.262036664533
ADANIPORTS,2018-07-13 09:15:00,B,77.0,371.8,50.42353294853547,
ADANIPORTS,2018-07-13 15:15:00,S,77.0,370.1,5645.243532948534,5645.243532948534
ADANIPORTS,2018-07-16 09:15:00,B,76.0,368.4,14.958439275535056,
ADANIPORTS,2018-07-16 15:15:00,S,76.0,359.95,4972.438439275537,4972.438439275537
ADANIPORTS,2018-07-17 09:25:00,B,68.0,362.55,12.09479350953734,
ADANIPORTS,2018-07-17 15:15:00,S,68.0,366.4,4942.774793509538,4942.774793509538
ADANIPORTS,2018-07-18 09:20:00,B,66.0,371.45,13.084325803538377,
ADANIPORTS,2018-07-18 15:15:00,S,66.0,364.0,4424.524325803541,4424.524325803541
ADANIPORTS,2018-07-19 09:20:00,B,63.0,366.7,39.89374761653653,
ADANIPORTS,2018-07-19 15:15:00,S,63.0,370.35,4660.313747616537,4660.313747616537
ADANIPORTS,2018-07-20 09:15:00,B,62.0,368.0,72.24195837003663,
ADANIPORTS,2018-07-20 15:15:00,S,62.0,370.35,4635.441958370036,4635.441958370036
ADANIPORTS,2018-07-23 09:50:00,B,63.0,378.8,67.99057220304076,
ADANIPORTS,2018-07-23 15:15:00,S,63.0,384.3,4840.870572203041,4840.870572203041
ADANIPORTS,2018-07-24 09:25:00,B,64.0,386.05,19.381350740040943,
ADANIPORTS,2018-07-24 15:15:00,S,64.0,392.1,4960.821350740041,4960.821350740041
ADANIPORTS,2018-07-25 09:20:00,B,66.0,396.2,50.80794360404252,
ADANIPORTS,2018-07-25 15:15:00,S,66.0,397.85,5280.647943604042,5280.647943604042
ADANIPORTS,2018-07-26 09:20:00,B,71.0,395.75,20.124462421038515,
ADANIPORTS,2018-07-26 15:15:00,S,71.0,399.85,5639.774462421039,5639.774462421039
ADANIPORTS,2018-07-27 09:15:00,B,71.0,399.45,46.22785672504415,
ADANIPORTS,2018-07-27 15:15:00,S,71.0,394.3,5352.767856725046,5352.767856725046
ADANIPORTS,2018-07-30 09:15:00,B,71.0,394.3,14.611765287543676,
ADANIPORTS,2018-07-30 15:15:00,S,71.0,389.95,5304.821765287542,5304.821765287542
ADANIPORTS,2018-07-31 09:15:00,B,68.0,387.7,2.2678622450421244,
ADANIPORTS,2018-07-31 15:15:00,S,68.0,400.0,5274.9878622450415,5274.9878622450415
ADANIPORTS,2018-08-01 09:15:00,B,65.0,401.3,29.40585208904122,
ADANIPORTS,2018-08-01 15:15:00,S,65.0,398.95,5093.555852089038,5093.555852089038
ADANIPORTS,2018-08-02 09:15:00,B,74.0,395.3,51.647935551539376,
ADANIPORTS,2018-08-02 15:15:00,S,74.0,398.4,5902.08793555154,5902.08793555154
ADANIPORTS,2018-08-03 09:35:00,B,72.0,402.25,78.22709255353948,
ADANIPORTS,2018-08-03 15:15:00,S,72.0,399.1,5643.827092553537,5643.827092553537
ADANIPORTS,2018-08-06 09:30:00,B,72.0,404.0,24.714723541531384,
ADANIPORTS,2018-08-06 15:15:00,S,72.0,397.0,5338.3147235415345,5338.3147235415345
ADANIPORTS,2018-08-07 09:15:00,B,67.0,392.9,42.55169642153487,
ADANIPORTS,2018-08-07 15:15:00,S,67.0,372.4,3933.9116964215345,3933.9116964215345
ADANIPORTS,2018-08-08 09:15:00,B,52.0,374.2,14.742510100534219,
ADANIPORTS,2018-08-08 15:15:00,S,52.0,374.65,3906.4225101005345,3906.4225101005345
ADANIPORTS,2018-08-09 09:25:00,B,51.0,377.15,38.63220655853456,
ADANIPORTS,2018-08-09 15:15:00,S,51.0,377.8,3885.5622065585344,3885.5622065585344
ADANIPORTS,2018-08-10 09:15:00,B,51.0,376.55,47.52655631903235,
ADANIPORTS,2018-08-10 15:15:00,S,51.0,378.6,3888.3365563190323,3888.3365563190323
ADANIPORTS,2018-08-13 09:15:00,B,51.0,376.95,55.96651283753408,
ADANIPORTS,2018-08-13 15:15:00,S,51.0,377.7,3900.856512837534,3900.856512837534
ADANIPORTS,2018-08-14 09:15:00,B,52.0,376.55,68.66913546103706,
ADANIPORTS,2018-08-14 15:15:00,S,52.0,373.5,3826.1891354610384,3826.1891354610384
ADANIPORTS,2018-08-16 09:15:00,B,51.0,369.95,70.05267361503866,
ADANIPORTS,2018-08-16 15:15:00,S,51.0,370.0,3843.5426736150384,3843.5426736150384
ADANIPORTS,2018-08-17 09:20:00,B,51.0,373.85,10.056382525538083,
ADANIPORTS,2018-08-17 15:15:00,S,51.0,373.85,3823.3263825255385,3823.3263825255385
ADANIPORTS,2018-08-20 09:15:00,B,50.0,375.8,47.44831380854157,
ADANIPORTS,2018-08-20 15:15:00,S,50.0,378.1,3805.4483138085416,3805.4483138085416
ADANIPORTS,2018-08-21 09:25:00,B,49.0,380.7,54.39645035854164,
ADANIPORTS,2018-08-21 15:15:00,S,49.0,377.95,3650.5064503585418,3650.5064503585418
ADANIPORTS,2018-08-23 09:15:00,B,50.0,373.8,7.590025925041118,
ADANIPORTS,2018-08-23 15:15:00,S,50.0,384.95,3745.5900259250416,3745.5900259250416
ADANIPORTS,2018-08-24 09:15:00,B,48.0,383.45,44.15489030004164,
ADANIPORTS,2018-08-24 15:15:00,S,48.0,376.9,3410.87489030004,3410.87489030004
ADANIPORTS,2018-08-27 09:15:00,B,52.0,377.4,23.858473572036928,
ADANIPORTS,2018-08-27 15:15:00,S,52.0,378.75,3948.8184735720365,3948.8184735720365
ADANIPORTS,2018-08-28 09:15:00,B,51.0,379.55,56.34551651403672,
ADANIPORTS,2018-08-28 15:15:00,S,51.0,387.75,3927.7555165140366,3927.7555165140366
ADANIPORTS,2018-08-29 09:30:00,B,51.0,389.75,1.5482250810368896,
ADANIPORTS,2018-08-29 15:15:00,S,51.0,386.05,3788.2982250810364,3788.2982250810364
ADANIPORTS,2018-08-30 09:15:00,B,54.0,385.75,19.199599863036383,
ADANIPORTS,2018-08-30 15:15:00,S,54.0,383.65,4071.8995998630353,4071.8995998630353
ADANIPORTS,2018-08-31 09:15:00,B,52.0,382.15,75.28043406703546,
ADANIPORTS,2018-08-31 15:15:00,S,52.0,382.4,4049.640434067035,4049.640434067035
ADANIPORTS,2018-09-03 09:15:00,B,52.0,381.3,62.82262088103471,
ADANIPORTS,2018-09-03 15:15:00,S,52.0,384.15,4028.342620881035,4028.342620881035
ADANIPORTS,2018-09-04 09:15:00,B,52.0,382.75,39.421764467035246,
ADANIPORTS,2018-09-04 15:15:00,S,52.0,373.25,3526.021764467035,3526.021764467035
ADANIPORTS,2018-09-05 09:15:00,B,49.0,371.95,8.044522947031965,
ADANIPORTS,2018-09-05 15:15:00,S,49.0,378.9,3653.154522947032,3653.154522947032
ADANIPORTS,2018-09-06 09:15:00,B,48.0,377.75,7.049976375532424,
ADANIPORTS,2018-09-06 15:15:00,S,48.0,385.2,3633.449976375532,3633.449976375532
ADANIPORTS,2018-09-07 09:20:00,B,51.0,381.3,65.12678303953089,
ADANIPORTS,2018-09-07 15:15:00,S,51.0,377.4,3755.486783039526,3755.486783039526
ADANIPORTS,2018-09-10 09:25:00,B,54.0,378.5,4.555197512524501,
ADANIPORTS,2018-09-10 15:15:00,S,54.0,371.9,3735.9551975125232,3735.9551975125232
ADANIPORTS,2018-09-11 09:25:00,B,49.0,375.0,39.242025176523384,
ADANIPORTS,2018-09-11 15:15:00,S,49.0,364.45,3197.2920251765227,3197.2920251765227
ADANIPORTS,2018-09-12 09:20:00,B,43.0,367.25,19.52386371102284,
ADANIPORTS,2018-09-12 15:15:00,S,43.0,377.1,3177.8738637110228,3177.8738637110228
ADANIPORTS,2018-09-14 09:35:00,B,41.0,383.7,14.393720205523096,
ADANIPORTS,2018-09-14 15:15:00,S,41.0,381.15,3056.1837202055235,3056.1837202055235
ADANIPORTS,2018-09-17 09:20:00,B,45.0,378.05,60.482902422024836,
ADANIPORTS,2018-09-17 15:15:00,S,45.0,381.2,3462.9329024220247,3462.9329024220247
ADANIPORTS,2018-09-18 09:15:00,B,44.0,382.75,76.43182688452498,
ADANIPORTS,2018-09-18 15:15:00,S,44.0,378.15,3242.2318268845233,3242.2318268845233
ADANIPORTS,2018-09-19 09:15:00,B,44.0,378.25,37.44343436852296,
ADANIPORTS,2018-09-19 15:15:00,S,44.0,373.0,3135.0434343685233,3135.0434343685233
ADANIPORTS,2018-09-21 09:15:00,B,41.0,373.95,50.94207531852362,
ADANIPORTS,2018-09-21 15:15:00,S,41.0,362.1,2631.482075318525,2631.482075318525
ADANIPORTS,2018-09-24 09:15:00,B,36.0,361.3,13.9481044030249,
ADANIPORTS,2018-09-24 15:15:00,S,36.0,345.65,2051.9081044030236,2051.9081044030236
ADANIPORTS,2018-09-25 09:25:00,B,29.0,344.65,39.29572676102384,
ADANIPORTS,2018-09-25 15:15:00,S,29.0,337.75,1838.165726761025,1838.165726761025
ADANIPORTS,2018-09-26 09:15:00,B,27.0,337.85,3.171238645024914,
ADANIPORTS,2018-09-26 15:15:00,S,27.0,339.3,1827.561238645025,1827.561238645025
ADANIPORTS,2018-09-27 09:20:00,B,26.0,339.85,50.54741317952494,
ADANIPORTS,2018-09-27 15:15:00,S,26.0,335.8,1712.4674131795257,1712.4674131795257
ADANIPORTS,2018-09-28 09:20:00,B,25.0,338.1,51.70506968052541,
ADANIPORTS,2018-09-28 15:15:00,S,25.0,328.9,1512.2050696805254,1512.2050696805254
ADANIPORTS,2018-10-01 09:15:00,B,23.0,323.2,16.548655430525287,
ADANIPORTS,2018-10-01 15:15:00,S,23.0,331.75,1503.2686554305253,1503.2686554305253
ADANIPORTS,2018-10-03 09:25:00,B,22.0,332.35,32.86175009702538,
ADANIPORTS,2018-10-03 15:15:00,S,22.0,328.3,1406.1017500970258,1406.1017500970258
ADANIPORTS,2018-10-04 09:15:00,B,24.0,322.6,46.48424374402521,
ADANIPORTS,2018-10-04 15:15:00,S,24.0,316.25,1442.564243744024,1442.564243744024
ADANIPORTS,2018-10-05 09:15:00,B,23.0,311.35,2.1382377400238965,
ADANIPORTS,2018-10-05 15:15:00,S,23.0,299.65,1165.2482377400236,1165.2482377400236
ADANIPORTS,2018-10-08 09:15:00,B,19.0,297.8,26.075868610023463,
ADANIPORTS,2018-10-08 15:15:00,S,19.0,304.35,1157.7158686100236,1157.7158686100236
ADANIPORTS,2018-10-09 09:50:00,B,18.0,309.95,35.76875760652365,
ADANIPORTS,2018-10-09 15:15:00,S,18.0,318.55,1151.5887576065236,1151.5887576065236
ADANIPORTS,2018-10-10 09:15:00,B,19.0,317.65,62.91059237652348,
ADANIPORTS,2018-10-10 15:15:00,S,19.0,326.25,1269.9805923765234,1269.9805923765234
ADANIPORTS,2018-10-11 09:15:00,B,22.0,317.55,21.00911366552441,
ADANIPORTS,2018-10-11 15:15:00,S,22.0,313.45,1328.0291136655237,1328.0291136655237
ADANIPORTS,2018-10-12 09:30:00,B,22.0,324.1,57.9510344455241,
ADANIPORTS,2018-10-12 15:15:00,S,22.0,322.45,1447.6910344455232,1447.6910344455232
ADANIPORTS,2018-10-15 09:15:00,B,22.0,322.0,23.270497334523043,
ADANIPORTS,2018-10-15 15:15:00,S,22.0,321.5,1429.0704973345223,1429.0704973345223
ADANIPORTS,2018-10-16 09:30:00,B,21.0,328.65,41.156285864522715,
ADANIPORTS,2018-10-16 15:15:00,S,21.0,334.3,1421.4862858645224,1421.4862858645224
ADANIPORTS,2018-10-17 09:20:00,B,20.0,337.35,64.62993778002237,
ADANIPORTS,2018-10-17 15:15:00,S,20.0,314.6,959.0299377800225,959.0299377800225
ADANIPORTS,2018-10-19 09:25:00,B,16.0,318.25,52.28799009002398,
ADANIPORTS,2018-10-19 15:15:00,S,16.0,314.45,1009.8879900900238,1009.8879900900238
ADANIPORTS,2018-10-22 09:40:00,B,15.0,322.7,36.36397861802391,
ADANIPORTS,2018-10-22 15:15:00,S,15.0,317.75,930.2139786180238,930.2139786180238
ADANIPORTS,2018-10-23 09:20:00,B,14.0,319.0,31.86643282552393,
ADANIPORTS,2018-10-23 15:15:00,S,14.0,318.15,913.1664328255233,913.1664328255233
ADANIPORTS,2018-10-24 09:15:00,B,14.0,323.7,2.0276675545234184,
ADANIPORTS,2018-10-24 15:15:00,S,14.0,313.8,769.7876675545239,769.7876675545239
ADANIPORTS,2018-10-25 09:15:00,B,12.0,310.95,18.7243768045239,
ADANIPORTS,2018-10-25 15:15:00,S,12.0,305.55,700.2043768045246,700.2043768045246
ADANIPORTS,2018-10-26 09:15:00,B,11.0,305.6,23.920222224524537,
ADANIPORTS,2018-10-26 15:15:00,S,11.0,304.05,679.1902222245244,679.1902222245244
ADANIPORTS,2018-10-29 09:15:00,B,11.0,304.1,6.577414858024326,
ADANIPORTS,2018-10-29 15:15:00,S,11.0,327.15,675.5974148580244,675.5974148580244
ADANIPORTS,2018-10-30 09:15:00,B,10.0,322.6,26.68138179552443,
ADANIPORTS,2018-10-30 15:15:00,S,10.0,323.0,671.8813817955245,671.8813817955245
ADANIPORTS,2018-10-31 09:15:00,B,14.0,320.6,24.29289803552365,
ADANIPORTS,2018-10-31 15:15:00,S,14.0,317.8,882.772898035523,882.772898035523
ADANIPORTS,2018-11-01 09:20:00,B,13.0,324.35,38.67434833952291,
ADANIPORTS,2018-11-01 15:15:00,S,13.0,317.5,792.9343483395228,792.9343483395228
ADANIPORTS,2018-11-02 09:40:00,B,12.0,325.25,7.863021564022915,
ADANIPORTS,2018-11-02 15:15:00,S,12.0,331.45,788.4630215640228,788.4630215640228
ADANIPORTS,2018-11-05 09:15:00,B,11.0,331.5,54.942528480022816,
ADANIPORTS,2018-11-05 15:15:00,S,11.0,329.5,762.2425284800228,762.2425284800228
ADANIPORTS,2018-11-06 09:15:00,B,12.0,327.35,47.10705107002286,
ADANIPORTS,2018-11-06 15:15:00,S,12.0,325.0,804.547051070023,804.547051070023
ADANIPORTS,2018-11-09 09:35:00,B,11.0,333.9,65.77298304802298,
ADANIPORTS,2018-11-09 15:15:00,S,11.0,338.15,800.352983048023,800.352983048023
ADANIPORTS,2018-11-12 09:20:00,B,11.0,342.35,43.223421337523064,
ADANIPORTS,2018-11-12 15:15:00,S,11.0,328.9,648.4434213375228,648.4434213375228
ADANIPORTS,2018-11-13 09:15:00,B,10.0,326.5,38.23565337502225,
ADANIPORTS,2018-11-13 15:15:00,S,10.0,334.1,691.2356533750223,691.2356533750223
ADANIPORTS,2018-11-14 09:15:00,B,10.0,334.65,18.39789311502227,
ADANIPORTS,2018-11-14 15:15:00,S,10.0,332.2,663.1978931150222,663.1978931150222
ADANIPORTS,2018-11-15 09:15:00,B,11.0,332.7,3.685143480022248,
ADANIPORTS,2018-11-15 15:15:00,S,11.0,346.3,735.6251434800222,735.6251434800222
ADANIPORTS,2018-11-16 09:15:00,B,10.0,345.15,41.32616949002227,
ADANIPORTS,2018-11-16 15:15:00,S,10.0,346.45,731.6261694900222,731.6261694900222
ADANIPORTS,2018-11-19 09:15:00,B,12.0,347.3,44.001394130022504,
ADANIPORTS,2018-11-19 15:15:00,S,12.0,350.85,877.5213941300226,877.5213941300226
ADANIPORTS,2018-11-20 09:35:00,B,12.0,355.2,33.5539618920227,
ADANIPORTS,2018-11-20 15:15:00,S,12.0,354.9,882.4339618920222,882.4339618920222
ADANIPORTS,2018-11-21 09:15:00,B,13.0,353.35,1.7590158400225846,
ADANIPORTS,2018-11-21 15:15:00,S,13.0,361.95,920.4690158400226,920.4690158400226
ADANIPORTS,2018-11-22 09:15:00,B,12.0,360.0,51.48917912102263,
ADANIPORTS,2018-11-22 15:15:00,S,12.0,368.25,915.4891791210226,915.4891791210226
ADANIPORTS,2018-11-26 09:15:00,B,14.0,362.95,6.3490944310219675,
ADANIPORTS,2018-11-26 15:15:00,S,14.0,369.35,1022.609094431022,1022.609094431022
ADANIPORTS,2018-11-27 09:15:00,B,15.0,364.5,22.618232369022053,
ADANIPORTS,2018-11-27 15:15:00,S,15.0,368.3,1116.118232369022,1116.118232369022
ADANIPORTS,2018-11-28 09:15:00,B,16.0,364.0,35.030563049022476,
ADANIPORTS,2018-11-28 15:15:00,S,16.0,365.8,1199.8305630490224,1199.8305630490224
ADANIPORTS,2018-11-29 09:15:00,B,17.0,364.15,12.465616521022639,
ADANIPORTS,2018-11-29 15:15:00,S,17.0,369.3,1250.5756165210225,1250.5756165210225
ADANIPORTS,2018-11-30 09:15:00,B,17.0,366.45,26.767349279522932,
ADANIPORTS,2018-11-30 15:15:00,S,17.0,365.5,1256.5473492795231,1256.5473492795231
ADANIPORTS,2018-12-03 09:25:00,B,18.0,367.8,13.35118714302439,
ADANIPORTS,2018-12-03 15:15:00,S,18.0,375.2,1337.4311871430243,1337.4311871430243
ADANIPORTS,2018-12-04 09:15:00,B,17.0,373.6,60.028599603024304,
ADANIPORTS,2018-12-04 15:15:00,S,17.0,373.5,1328.5685996030245,1328.5685996030245
ADANIPORTS,2018-12-05 09:20:00,B,19.0,374.6,31.484682106024366,
ADANIPORTS,2018-12-05 15:15:00,S,19.0,374.7,1454.9646821060244,1454.9646821060244
ADANIPORTS,2018-12-06 09:30:00,B,19.0,374.25,25.187968049024448,
ADANIPORTS,2018-12-06 15:15:00,S,19.0,363.0,1233.5879680490252,1233.5879680490252
ADANIPORTS,2018-12-07 09:15:00,B,16.0,364.9,60.300670046525966,
ADANIPORTS,2018-12-07 15:15:00,S,16.0,373.85,1227.9806700465258,1227.9806700465258
ADANIPORTS,2018-12-10 09:15:00,B,16.0,361.1,66.13072584652582,
ADANIPORTS,2018-12-10 15:15:00,S,16.0,358.75,1184.0507258465254,1184.0507258465254
ADANIPORTS,2018-12-11 09:20:00,B,18.0,354.85,43.62006835052625,
ADANIPORTS,2018-12-11 15:15:00,S,18.0,356.4,1321.0800683505263,1321.0800683505263
ADANIPORTS,2018-12-12 09:25:00,B,18.0,359.35,20.56205957552629,
ADANIPORTS,2018-12-12 15:15:00,S,18.0,375.6,1314.2220595755264,1314.2220595755264
ADANIPORTS,2018-12-13 09:15:00,B,17.0,373.5,65.13948591452595,
ADANIPORTS,2018-12-13 15:15:00,S,17.0,371.05,1293.3894859145264,1293.3894859145264
ADANIPORTS,2018-12-14 09:15:00,B,21.0,369.3,28.04819219602632,
ADANIPORTS,2018-12-14 15:15:00,S,21.0,368.45,1561.2581921960268,1561.2581921960268
ADANIPORTS,2018-12-17 09:20:00,B,20.0,373.9,57.35830334352681,
ADANIPORTS,2018-12-17 15:15:00,S,20.0,371.05,1495.9583033435267,1495.9583033435267
ADANIPORTS,2018-12-18 09:15:00,B,20.0,368.8,12.775905053526685,
ADANIPORTS,2018-12-18 15:15:00,S,20.0,372.8,1487.9759050535267,1487.9759050535267
ADANIPORTS,2018-12-19 09:15:00,B,19.0,373.9,59.21145433352672,
ADANIPORTS,2018-12-19 15:15:00,S,19.0,375.75,1480.0314543335267,1480.0314543335267
ADANIPORTS,2018-12-20 09:20:00,B,20.0,371.4,66.80167655502669,
ADANIPORTS,2018-12-20 15:15:00,S,20.0,375.05,1552.4016765550266,1552.4016765550266
ADANIPORTS,2018-12-21 09:15:00,B,21.0,373.9,9.1751569650271,
ADANIPORTS,2018-12-21 15:15:00,S,21.0,360.9,1306.5551569650263,1306.5551569650263
ADANIPORTS,2018-12-24 09:20:00,B,18.0,362.25,67.18462809702623,
ADANIPORTS,2018-12-24 15:15:00,S,18.0,361.3,1354.184628097026,1354.184628097026
ADANIPORTS,2018-12-26 09:20:00,B,18.0,361.2,46.88733812802616,
ADANIPORTS,2018-12-26 15:15:00,S,18.0,378.25,1347.207338128026,1347.207338128026
ADANIPORTS,2018-12-27 09:15:00,B,17.0,378.25,54.03158795702598,
ADANIPORTS,2018-12-27 15:15:00,S,17.0,384.35,1340.0815879570262,1340.0815879570262
ADANIPORTS,2018-12-28 09:20:00,B,21.0,387.1,14.21809187502663,
ADANIPORTS,2018-12-28 15:15:00,S,21.0,387.4,1640.0380918750266,1640.0380918750266
ADANIPORTS,2018-12-31 09:25:00,B,22.0,386.85,32.88513108002621,
ADANIPORTS,2018-12-31 15:15:00,S,22.0,387.85,1735.0251310800263,1735.0251310800263
ADANIPORTS,2019-01-01 09:15:00,B,22.0,385.6,35.55514126602634,
ADANIPORTS,2019-01-01 15:15:00,S,22.0,388.8,1732.1951412660264,1732.1951412660264
ADANIPORTS,2019-01-02 09:15:00,B,22.0,387.85,38.52941313802626,
ADANIPORTS,2019-01-02 15:15:00,S,22.0,382.15,1619.669413138025,1619.669413138025
ADANIPORTS,2019-01-03 09:20:00,B,22.0,380.75,5.692604738024329,
ADANIPORTS,2019-01-03 15:15:00,S,22.0,378.45,1630.3926047380241,1630.3926047380241
ADANIPORTS,2019-01-04 09:20:00,B,21.0,380.0,25.444203034024213,
ADANIPORTS,2019-01-04 15:15:00,S,21.0,382.15,1621.4442030340242,1621.4442030340242
ADANIPORTS,2019-01-07 09:20:00,B,20.0,385.25,71.8707613775241,
ADANIPORTS,2019-01-07 15:15:00,S,20.0,382.05,1548.870761377524,1548.870761377524
ADANIPORTS,2019-01-08 09:15:00,B,20.0,379.8,66.59879571752344,
ADANIPORTS,2019-01-08 15:15:00,S,20.0,378.6,1561.798795717522,1561.798795717522
ADANIPORTS,2019-01-09 09:15:00,B,20.0,380.9,30.072786437521927,
ADANIPORTS,2019-01-09 15:15:00,S,20.0,377.7,1489.6727864375218,1489.6727864375218
ADANIPORTS,2019-01-10 09:25:00,B,19.0,379.55,39.25403431752193,
ADANIPORTS,2019-01-10 15:15:00,S,19.0,380.65,1481.544034317522,1481.544034317522
ADANIPORTS,2019-01-11 09:15:00,B,19.0,379.8,30.566659719521567,
ADANIPORTS,2019-01-11 15:15:00,S,19.0,377.35,1427.2566597195216,1427.2566597195216
ADANIPORTS,2019-01-14 09:15:00,B,19.0,374.65,16.77931776602145,
ADANIPORTS,2019-01-14 15:15:00,S,19.0,374.2,1431.899317766022,1431.899317766022
ADANIPORTS,2019-01-15 09:35:00,B,18.0,377.4,65.63702727952204,
ADANIPORTS,2019-01-15 15:15:00,S,18.0,385.15,1424.277027279522,1424.277027279522
ADANIPORTS,2019-01-16 09:15:00,B,18.0,383.8,35.2460178905219,
ADANIPORTS,2019-01-16 15:15:00,S,18.0,389.35,1416.926017890522,1416.926017890522
ADANIPORTS,2019-01-17 09:15:00,B,19.0,388.0,74.57220103352302,
ADANIPORTS,2019-01-17 15:15:00,S,19.0,394.1,1548.9722010335229,1548.9722010335229
ADANIPORTS,2019-01-18 09:15:00,B,20.0,394.05,64.71334250452242,
ADANIPORTS,2019-01-18 15:15:00,S,20.0,399.65,1640.9133425045225,1640.9133425045225
ADANIPORTS,2019-01-21 09:15:00,B,22.0,395.85,6.571161964523981,
ADANIPORTS,2019-01-21 15:15:00,S,22.0,396.45,1748.311161964524,1748.311161964524
ADANIPORTS,2019-01-22 09:15:00,B,23.0,392.8,44.09361323852386,
ADANIPORTS,2019-01-22 15:15:00,S,23.0,391.7,1825.6736132385229,1825.6736132385229
ADANIPORTS,2019-01-23 09:15:00,B,23.0,389.45,37.737150353521656,
ADANIPORTS,2019-01-23 15:15:00,S,23.0,384.65,1718.8071503535202,1718.8071503535202
ADANIPORTS,2019-01-24 09:15:00,B,22.0,382.4,26.70755280052049,
ADANIPORTS,2019-01-24 15:15:00,S,22.0,381.0,1678.467552800521,1678.467552800521
ADANIPORTS,2019-01-25 09:15:00,B,21.0,382.0,65.06994849252078,
ADANIPORTS,2019-01-25 15:15:00,S,21.0,373.2,1484.6699484925207,1484.6699484925207
ADANIPORTS,2019-01-28 09:15:00,B,20.0,363.0,24.17124446052071,
ADANIPORTS,2019-01-28 15:15:00,S,20.0,326.9,754.1712444605207,754.1712444605207
ADANIPORTS,2019-01-29 09:30:00,B,11.0,336.95,5.478687880520738,
ADANIPORTS,2019-01-29 15:15:00,S,11.0,352.65,746.7686878805207,746.7686878805207
ADANIPORTS,2019-01-30 09:15:00,B,10.0,342.1,58.5075966045207,
ADANIPORTS,2019-01-30 15:15:00,S,10.0,337.95,701.2075966045207,701.2075966045207
ADANIPORTS,2019-01-31 09:15:00,B,12.0,334.75,66.86387824952044,
ADANIPORTS,2019-01-31 15:15:00,S,12.0,337.7,870.2638782495205,870.2638782495205
ADANIPORTS,2019-02-01 09:15:00,B,12.0,339.45,51.261550975520436,
ADANIPORTS,2019-02-01 15:15:00,S,12.0,338.45,853.9415509755196,853.9415509755196
ADANIPORTS,2019-02-04 09:15:00,B,13.0,332.0,21.78347726751872,
ADANIPORTS,2019-02-04 15:15:00,S,13.0,335.6,884.9834772675188,884.9834772675188
ADANIPORTS,2019-02-05 09:25:00,B,13.0,337.7,2.3148593195188596,
ADANIPORTS,2019-02-05 15:15:00,S,13.0,339.55,880.3348593195187,880.3348593195187
ADANIPORTS,2019-02-06 09:15:00,B,13.0,337.55,44.78869530201882,
ADANIPORTS,2019-02-06 15:15:00,S,13.0,330.1,825.5686953020186,825.5686953020186
ADANIPORTS,2019-02-07 09:25:00,B,12.0,334.7,41.68757439251965,
ADANIPORTS,2019-02-07 15:15:00,S,12.0,332.4,817.3675743925197,817.3675743925197
ADANIPORTS,2019-02-08 09:15:00,B,12.0,331.35,17.838694700519568,
ADANIPORTS,2019-02-08 15:15:00,S,12.0,330.3,800.4786947005193,800.4786947005193
ADANIPORTS,2019-02-11 09:15:00,B,12.0,326.45,12.745075442519465,
ADANIPORTS,2019-02-11 15:15:00,S,12.0,329.7,796.2250754425194,796.2250754425194
ADANIPORTS,2019-02-12 09:15:00,B,12.0,328.45,3.727587044519396,
ADANIPORTS,2019-02-12 15:15:00,S,12.0,326.75,771.6075870445197,771.6075870445197
ADANIPORTS,2019-02-13 09:25:00,B,12.0,331.25,11.39531474051978,
ADANIPORTS,2019-02-13 15:15:00,S,12.0,341.25,806.3953147405198,806.3953147405198
ADANIPORTS,2019-02-14 09:25:00,B,11.0,343.2,47.03393504051985,
ADANIPORTS,2019-02-14 15:15:00,S,11.0,349.05,802.0739350405198,802.0739350405198
ADANIPORTS,2019-02-15 09:20:00,B,13.0,349.5,9.29560256801983,
ADANIPORTS,2019-02-15 15:15:00,S,13.0,349.6,917.9956025680199,917.9956025680199
ADANIPORTS,2019-02-18 09:20:00,B,14.0,349.0,0.27692887502030317,
ADANIPORTS,2019-02-18 15:15:00,S,14.0,347.0,949.4769288750202,949.4769288750202
ADANIPORTS,2019-02-19 09:15:00,B,13.0,345.8,46.476550635020544,
ADANIPORTS,2019-02-19 15:15:00,S,13.0,338.0,844.1565506350208,844.1565506350208
ADANIPORTS,2019-02-20 09:40:00,B,12.0,345.5,10.192889161020958,
ADANIPORTS,2019-02-20 15:15:00,S,12.0,354.5,839.3928891610209,839.3928891610209
ADANIPORTS,2019-02-21 09:25:00,B,11.0,356.95,49.60454516102095,
ADANIPORTS,2019-02-21 15:15:00,S,11.0,356.15,826.0945451610207,826.0945451610207
ADANIPORTS,2019-02-22 09:35:00,B,13.0,357.55,0.26225035002062214,
ADANIPORTS,2019-02-22 15:15:00,S,13.0,354.25,886.9922503500202,886.9922503500202
ADANIPORTS,2019-02-25 09:30:00,B,13.0,334.45,12.464467936020128,
ADANIPORTS,2019-02-25 15:15:00,S,13.0,325.05,759.8344679360204,759.8344679360204
ADANIPORTS,2019-02-26 09:15:00,B,11.0,322.45,45.849725251020345,
ADANIPORTS,2019-02-26 15:15:00,S,11.0,323.25,755.2397252510203,755.2397252510203
ADANIPORTS,2019-02-27 09:25:00,B,11.0,327.85,30.164869834020237,
ADANIPORTS,2019-02-27 15:15:00,S,11.0,324.65,716.2348698340196,716.2348698340196
ADANIPORTS,2019-02-28 09:20:00,B,10.0,328.5,64.18928330901974,
ADANIPORTS,2019-02-28 15:15:00,S,10.0,325.75,693.6892833090197,693.6892833090197
ADANIPORTS,2019-03-01 09:15:00,B,10.0,328.7,32.78398813401975,
ADANIPORTS,2019-03-01 15:15:00,S,10.0,333.15,690.1839881340197,690.1839881340197
ADANIPORTS,2019-03-05 09:15:00,B,10.0,331.7,23.239058999019676,
ADANIPORTS,2019-03-05 15:15:00,S,10.0,339.0,686.6390589990198,686.6390589990198
ADANIPORTS,2019-03-06 09:25:00,B,10.0,343.6,40.347147029019766,
ADANIPORTS,2019-03-06 15:15:00,S,10.0,336.5,656.5471470290198,656.5471470290198
ADANIPORTS,2019-03-07 09:15:00,B,10.0,335.35,55.20271831901937,
ADANIPORTS,2019-03-07 15:15:00,S,10.0,341.0,725.9027183190194,725.9027183190194
ADANIPORTS,2019-03-08 09:20:00,B,10.0,341.4,39.48029123401943,
ADANIPORTS,2019-03-08 15:15:00,S,10.0,342.6,722.2802912340194,722.2802912340194
ADANIPORTS,2019-03-11 09:30:00,B,11.0,346.25,13.366214834019388,
ADANIPORTS,2019-03-11 15:15:00,S,11.0,352.25,775.1162148340194,775.1162148340194
ADANIPORTS,2019-03-12 09:25:00,B,10.0,357.65,67.70107704901943,
ADANIPORTS,2019-03-12 15:15:00,S,10.0,360.8,783.0010770490194,783.0010770490194
ADANIPORTS,2019-03-13 09:15:00,B,11.0,359.3,54.69274105401939,
ADANIPORTS,2019-03-13 15:15:00,S,11.0,365.75,845.1527410540194,845.1527410540194
ADANIPORTS,2019-03-14 09:15:00,B,11.0,365.5,68.28122341351957,
ADANIPORTS,2019-03-14 15:15:00,S,11.0,366.1,872.3812234135195,872.3812234135195
ADANIPORTS,2019-03-15 09:15:00,B,12.0,363.9,65.66014261751923,
ADANIPORTS,2019-03-15 15:15:00,S,12.0,366.2,939.0201426175192,939.0201426175192
ADANIPORTS,2019-03-18 09:30:00,B,12.0,372.7,46.447094165520184,
ADANIPORTS,2019-03-18 15:15:00,S,12.0,368.95,895.9270941655201,895.9270941655201
ADANIPORTS,2019-03-19 09:15:00,B,12.0,368.65,33.99870730751968,
ADANIPORTS,2019-03-19 15:15:00,S,12.0,365.55,881.5587073075206,881.5587073075206
ADANIPORTS,2019-03-20 09:15:00,B,11.0,365.9,71.85832992352073,
ADANIPORTS,2019-03-20 15:15:00,S,11.0,360.45,816.8883299235208,816.8883299235208
ADANIPORTS,2019-03-22 09:15:00,B,11.0,357.05,27.097188130020868,
ADANIPORTS,2019-03-22 15:15:00,S,11.0,360.9,812.6071881300209,812.6071881300209
ADANIPORTS,2019-03-25 09:15:00,B,11.0,357.4,22.09708044052104,
ADANIPORTS,2019-03-25 15:15:00,S,11.0,362.0,808.3770804405209,808.3770804405209
ADANIPORTS,2019-03-26 09:30:00,B,11.0,364.15,45.35855192652036,
ADANIPORTS,2019-03-26 15:15:00,S,11.0,368.65,846.4885519265204,846.4885519265204
ADANIPORTS,2019-03-27 09:20:00,B,12.0,370.65,3.211043258521272,
ADANIPORTS,2019-03-27 15:15:00,S,12.0,366.35,841.1710432585227,841.1710432585227
ADANIPORTS,2019-03-28 09:15:00,B,12.0,368.65,1.1724500185223405,
ADANIPORTS,2019-03-28 15:15:00,S,12.0,381.7,885.9324500185222,885.9324500185222
ADANIPORTS,2019-03-29 09:20:00,B,11.0,382.5,39.61115903652217,
ADANIPORTS,2019-03-29 15:15:00,S,11.0,378.55,837.6611590365223,837.6611590365223
ADANIPORTS,2019-04-01 09:20:00,B,12.0,382.2,72.4957842360227,
ADANIPORTS,2019-04-01 15:15:00,S,12.0,382.85,989.7757842360227,989.7757842360227
ADANIPORTS,2019-04-02 09:15:00,B,13.0,378.6,0.49776201002271137,
ADANIPORTS,2019-04-02 15:15:00,S,13.0,379.95,984.8577620100227,984.8577620100227
ADANIPORTS,2019-04-03 09:40:00,B,12.0,384.95,63.49530859352399,
ADANIPORTS,2019-04-03 15:15:00,S,12.0,380.65,935.7753085935235,935.7753085935235
ADANIPORTS,2019-04-04 09:15:00,B,12.0,378.35,40.362859681522764,
ADANIPORTS,2019-04-04 15:15:00,S,12.0,380.65,948.4028596815227,948.4028596815227
ADANIPORTS,2019-04-05 09:15:00,B,12.0,378.0,36.324027001522836,
ADANIPORTS,2019-04-05 15:15:00,S,12.0,387.2,943.5240270015228,943.5240270015228
ADANIPORTS,2019-04-08 09:15:00,B,12.0,384.55,43.28657949752221,
ADANIPORTS,2019-04-08 15:15:00,S,12.0,380.5,917.6065794975227,917.6065794975227
ADANIPORTS,2019-04-09 09:15:00,B,13.0,376.55,44.05771127152241,
ADANIPORTS,2019-04-09 15:15:00,S,13.0,380.4,1023.0877112715224,1023.0877112715224
ADANIPORTS,2019-04-10 09:15:00,B,13.0,376.4,39.17688812302242,
ADANIPORTS,2019-04-10 15:15:00,S,13.0,384.0,1017.8168881230224,1017.8168881230224
ADANIPORTS,2019-04-11 09:20:00,B,13.0,381.4,70.93276963102255,
ADANIPORTS,2019-04-11 15:15:00,S,13.0,379.05,1032.0227696310233,1032.0227696310233
ADANIPORTS,2019-04-12 09:15:00,B,14.0,378.4,66.00636267752338,
ADANIPORTS,2019-04-12 15:15:00,S,14.0,384.45,1125.5263626775234,1125.5263626775234
ADANIPORTS,2019-04-15 09:25:00,B,14.0,387.2,35.64630394852361,
ADANIPORTS,2019-04-15 15:15:00,S,14.0,387.15,1119.1063039485236,1119.1063039485236
ADANIPORTS,2019-04-16 09:25:00,B,15.0,388.45,32.648714909523505,
ADANIPORTS,2019-04-16 15:15:00,S,15.0,394.9,1197.9987149095234,1197.9987149095234
ADANIPORTS,2019-04-18 09:15:00,B,15.0,393.55,11.055439732023387,
ADANIPORTS,2019-04-18 15:15:00,S,15.0,390.5,1145.9554397320235,1145.9554397320235
ADANIPORTS,2019-04-22 09:15:00,B,16.0,385.0,4.404402099523395,
ADANIPORTS,2019-04-22 15:15:00,S,16.0,391.15,1236.4044020995234,1236.4044020995234
ADANIPORTS,2019-04-23 09:15:00,B,15.0,388.55,64.10321703552336,
ADANIPORTS,2019-04-23 15:15:00,S,15.0,391.0,1229.7532170355234,1229.7532170355234
ADANIPORTS,2019-04-24 09:25:00,B,17.0,387.1,5.749577328022951,
ADANIPORTS,2019-04-24 15:15:00,S,17.0,391.5,1321.889577328023,1321.889577328023
ADANIPORTS,2019-04-25 09:15:00,B,17.0,388.3,31.329934626023032,
ADANIPORTS,2019-04-25 15:15:00,S,17.0,388.95,1351.549934626023,1351.549934626023
ADANIPORTS,2019-04-26 09:15:00,B,18.0,387.1,25.711630218522487,
ADANIPORTS,2019-04-26 15:15:00,S,18.0,391.6,1419.2716302185224,1419.2716302185224
ADANIPORTS,2019-04-30 09:20:00,B,18.0,391.5,13.414012432521758,
ADANIPORTS,2019-04-30 15:15:00,S,18.0,391.5,1422.8140124325216,1422.8140124325216
ADANIPORTS,2019-05-02 09:20:00,B,19.0,393.4,1.3437156925226645,
ADANIPORTS,2019-05-02 15:15:00,S,19.0,395.3,1496.2637156925225,1496.2637156925225
ADANIPORTS,2019-05-03 09:30:00,B,18.0,396.6,60.47648212952322,
ADANIPORTS,2019-05-03 15:15:00,S,18.0,387.5,1324.4364821295223,1324.4364821295223
ADANIPORTS,2019-05-06 09:15:00,B,17.0,381.95,54.343121331522525,
ADANIPORTS,2019-05-06 15:15:00,S,17.0,379.9,1318.1231213315214,1318.1231213315214
ADANIPORTS,2019-05-07 09:20:00,B,17.0,381.75,13.234377302021585,
ADANIPORTS,2019-05-07 15:15:00,S,17.0,371.4,1135.2343773020216,1135.2343773020216
ADANIPORTS,2019-05-08 09:30:00,B,15.0,372.7,10.272748281521672,
ADANIPORTS,2019-05-08 15:15:00,S,15.0,370.05,1088.6227482815216,1088.6227482815216
ADANIPORTS,2019-05-09 09:15:00,B,14.0,366.3,57.01367299402159,
ADANIPORTS,2019-05-09 15:15:00,S,14.0,363.1,1037.8536729940215,1037.8536729940215
ADANIPORTS,2019-05-10 09:20:00,B,14.0,366.4,6.462544758021522,
ADANIPORTS,2019-05-10 15:15:00,S,14.0,372.95,1032.3825447580216,1032.3825447580216
ADANIPORTS,2019-05-13 09:15:00,B,13.0,368.35,69.12883961902162,
ADANIPORTS,2019-05-13 15:15:00,S,13.0,363.5,963.7888396190215,963.7888396190215
ADANIPORTS,2019-05-14 09:30:00,B,14.0,371.7,9.631122143521225,
ADANIPORTS,2019-05-14 15:15:00,S,14.0,371.15,1042.6911221435205,1042.6911221435205
ADANIPORTS,2019-05-15 09:20:00,B,13.0,374.15,64.32967621452053,
ADANIPORTS,2019-05-15 15:15:00,S,13.0,359.8,850.5696762145212,850.5696762145212
ADANIPORTS,2019-05-16 09:25:00,B,11.0,363.75,45.20548135602121,
ADANIPORTS,2019-05-16 15:15:00,S,11.0,372.5,845.4554813560212,845.4554813560212
ADANIPORTS,2019-05-17 09:25:00,B,11.0,370.85,25.248343743521218,
ADANIPORTS,2019-05-17 15:15:00,S,11.0,366.85,797.1183437435217,797.1183437435217
ADANIPORTS,2019-05-20 09:20:00,B,11.0,383.1,46.2005578065216,
ADANIPORTS,2019-05-20 15:15:00,S,11.0,399.45,889.0205578065217,889.0205578065217
ADANIPORTS,2019-05-21 09:20:00,B,10.0,404.45,75.51183709102168,
ADANIPORTS,2019-05-21 15:15:00,S,10.0,386.5,704.9118370910217,704.9118370910217
ADANIPORTS,2019-05-22 09:20:00,B,11.0,391.2,19.881946346021095,
ADANIPORTS,2019-05-22 15:15:00,S,11.0,385.95,822.7719463460211,822.7719463460211
ADANIPORTS,2019-05-23 09:15:00,B,10.0,393.4,31.39148280452116,
ADANIPORTS,2019-05-23 15:15:00,S,10.0,407.4,818.1914828045211,818.1914828045211
ADANIPORTS,2019-05-24 09:15:00,B,10.0,405.15,3.603617124521179,
ADANIPORTS,2019-05-24 15:15:00,S,10.0,410.95,813.9036171245211,813.9036171245211
ADANIPORTS,2019-05-27 09:25:00,B,11.0,412.85,41.262557814521074,
ADANIPORTS,2019-05-27 15:15:00,S,11.0,412.2,942.3825578145206,942.3825578145206
ADANIPORTS,2019-05-28 09:25:00,B,11.0,424.15,62.390587674020594,
ADANIPORTS,2019-05-28 15:15:00,S,11.0,412.65,869.0205876740206,869.0205876740206
ADANIPORTS,2019-05-29 09:15:00,B,10.0,409.5,45.087586766020536,
ADANIPORTS,2019-05-29 15:15:00,S,10.0,406.85,837.5875867660205,837.5875867660205
ADANIPORTS,2019-05-30 09:20:00,B,10.0,405.35,22.513920681020522,
ADANIPORTS,2019-05-30 15:15:00,S,10.0,409.8,833.2139206810206,833.2139206810206
ADANIPORTS,2019-05-31 09:30:00,B,10.0,412.15,4.547748116020557,
ADANIPORTS,2019-05-31 15:15:00,S,10.0,416.6,828.8477481160205,828.8477481160205
ADANIPORTS,2019-06-03 09:15:00,B,10.0,413.9,41.10871899102051,
ADANIPORTS,2019-06-03 15:15:00,S,10.0,424.75,868.9087189910205,868.9087189910205
ADANIPORTS,2019-06-04 09:15:00,B,10.0,421.8,65.31761457602045,
ADANIPORTS,2019-06-04 15:15:00,S,10.0,425.9,908.9176145760205,908.9176145760205
ADANIPORTS,2019-06-06 09:15:00,B,11.0,427.8,71.71701590602038,
ADANIPORTS,2019-06-06 15:15:00,S,11.0,426.7,1000.7770159060201,1000.7770159060201
ADANIPORTS,2019-06-07 09:15:00,B,12.0,425.0,16.74142826102002,
ADANIPORTS,2019-06-07 15:15:00,S,12.0,425.15,1036.74142826102,1036.74142826102
ADANIPORTS,2019-06-10 09:20:00,B,12.0,426.2,8.396248983020087,
ADANIPORTS,2019-06-10 15:15:00,S,12.0,426.0,1028.8762489830203,1028.8762489830203
ADANIPORTS,2019-06-11 09:15:00,B,12.0,424.05,7.477828239019573,
ADANIPORTS,2019-06-11 15:15:00,S,12.0,426.15,1025.1978282390196,1025.1978282390196
ADANIPORTS,2019-06-12 09:20:00,B,11.0,425.25,84.18267853501959,
ADANIPORTS,2019-06-12 15:15:00,S,11.0,425.0,1016.9826785350195,1016.9826785350195
ADANIPORTS,2019-06-13 09:35:00,B,12.0,424.7,17.89227558251855,
ADANIPORTS,2019-06-13 15:15:00,S,12.0,425.05,1037.1722755825185,1037.1722755825185
ADANIPORTS,2019-06-14 09:15:00,B,12.0,424.8,12.189703712518508,
ADANIPORTS,2019-06-14 15:15:00,S,12.0,426.1,1031.7097037125186,1031.7097037125186
ADANIPORTS,2019-06-17 09:15:00,B,12.0,425.15,10.079910044519352,
ADANIPORTS,2019-06-17 15:15:00,S,12.0,422.9,1003.4399100445185,1003.4399100445185
ADANIPORTS,2019-06-18 09:15:00,B,11.0,424.15,80.45779865851887,
ADANIPORTS,2019-06-18 15:15:00,S,11.0,421.55,984.9877986585194,984.9877986585194
ADANIPORTS,2019-06-19 09:15:00,B,11.0,422.75,49.95382024151945,
ADANIPORTS,2019-06-19 15:15:00,S,11.0,408.2,819.9538202415192,819.9538202415192
ADANIPORTS,2019-06-20 09:20:00,B,10.0,400.8,13.454789022019327,
ADANIPORTS,2019-06-20 15:15:00,S,10.0,401.65,815.0547890220192,815.0547890220192
ADANIPORTS,2019-06-21 09:30:00,B,9.0,406.0,79.95611162701914,
ADANIPORTS,2019-06-21 15:15:00,S,9.0,402.0,774.7561116270188,774.7561116270188
ADANIPORTS,2019-06-24 09:20:00,B,9.0,402.45,54.949888507019296,
ADANIPORTS,2019-06-24 15:15:00,S,9.0,406.6,779.3598885070193,779.3598885070193
ADANIPORTS,2019-06-25 09:20:00,B,9.0,404.05,48.169703177519295,
ADANIPORTS,2019-06-25 15:15:00,S,9.0,405.25,775.4597031775193,775.4597031775193
ADANIPORTS,2019-06-26 09:30:00,B,9.0,407.95,74.59791425051958,
ADANIPORTS,2019-06-26 15:15:00,S,9.0,414.95,808.9079142505196,808.9079142505196
ADANIPORTS,2019-06-27 09:20:00,B,9.0,413.85,70.81133741951976,
ADANIPORTS,2019-06-27 15:15:00,S,9.0,406.05,745.5413374195196,745.5413374195196
ADANIPORTS,2019-06-28 09:25:00,B,9.0,412.05,62.897226758519196,
ADANIPORTS,2019-06-28 15:15:00,S,9.0,410.55,791.0872267585196,791.0872267585196
ADANIPORTS,2019-07-01 09:15:00,B,9.0,410.65,47.950948844519644,
ADANIPORTS,2019-07-01 15:15:00,S,9.0,413.45,787.1209488445196,787.1209488445196
ADANIPORTS,2019-07-02 09:15:00,B,9.0,412.8,40.108019345519665,
ADANIPORTS,2019-07-02 15:15:00,S,9.0,414.6,783.1480193455196,783.1480193455196
ADANIPORTS,2019-07-03 09:35:00,B,9.0,415.55,56.369044259519455,
ADANIPORTS,2019-07-03 15:15:00,S,9.0,415.0,799.4090442595196,799.4090442595196
ADANIPORTS,2019-07-04 09:15:00,B,9.0,415.95,62.894564545019875,
ADANIPORTS,2019-07-04 15:15:00,S,9.0,415.2,804.8545645450195,804.8545645450195
ADANIPORTS,2019-07-05 09:15:00,B,9.0,414.6,54.56716499651952,
ADANIPORTS,2019-07-05 15:15:00,S,9.0,400.8,676.6471649965201,676.6471649965201
ADANIPORTS,2019-07-08 09:15:00,B,8.0,400.1,32.55394059052003,
ADANIPORTS,2019-07-08 15:15:00,S,8.0,398.2,657.5139405905198,657.5139405905198
ADANIPORTS,2019-07-09 09:15:00,B,8.0,396.8,19.212454246519883,
ADANIPORTS,2019-07-09 15:15:00,S,8.0,404.6,654.0924542465199,654.0924542465199
ADANIPORTS,2019-07-10 09:20:00,B,8.0,406.4,0.41884629451988076,
ADANIPORTS,2019-07-10 15:15:00,S,8.0,404.75,637.4588462945201,637.4588462945201
ADANIPORTS,2019-07-11 09:15:00,B,8.0,406.75,45.58231896252016,
ADANIPORTS,2019-07-11 15:15:00,S,8.0,412.4,696.3823189625201,696.3823189625201
ADANIPORTS,2019-07-12 09:25:00,B,8.0,412.8,32.39238219052015,
ADANIPORTS,2019-07-12 15:15:00,S,8.0,415.2,692.8723821905202,692.8723821905202
ADANIPORTS,2019-07-15 09:20:00,B,8.0,414.9,70.68412715052011,
ADANIPORTS,2019-07-15 15:15:00,S,8.0,408.8,685.7241271505203,685.7241271505203
ADANIPORTS,2019-07-16 09:15:00,B,8.0,410.15,45.15328053452015,
ADANIPORTS,2019-07-16 15:15:00,S,8.0,418.6,701.3932805345202,701.3932805345202
ADANIPORTS,2019-07-17 09:15:00,B,8.0,418.4,28.402537234520196,
ADANIPORTS,2019-07-17 15:15:00,S,8.0,417.25,688.6425372345203,688.6425372345203
ADANIPORTS,2019-07-18 09:15:00,B,9.0,415.8,4.221070742520737,
ADANIPORTS,2019-07-18 15:15:00,S,9.0,412.75,725.2110707425209,725.2110707425209
ADANIPORTS,2019-07-19 09:30:00,B,8.0,415.5,56.41589630802093,
ADANIPORTS,2019-07-19 15:15:00,S,8.0,405.3,639.615896308021,639.615896308021
ADANIPORTS,2019-07-22 09:15:00,B,7.0,399.4,76.93698616402105,
ADANIPORTS,2019-07-22 15:15:00,S,7.0,408.05,636.096986164021,636.096986164021
ADANIPORTS,2019-07-23 09:15:00,B,7.0,405.6,65.22998113752101,
ADANIPORTS,2019-07-23 15:15:00,S,7.0,399.55,590.7199811375207,590.7199811375207
ADANIPORTS,2019-07-24 09:15:00,B,8.0,399.35,9.290057542020804,
ADANIPORTS,2019-07-24 15:15:00,S,8.0,381.4,504.6500575420205,504.6500575420205
ADANIPORTS,2019-07-25 09:20:00,B,6.0,382.0,42.90185888202046,
ADANIPORTS,2019-07-25 15:15:00,S,6.0,380.3,491.1018588820207,491.1018588820207
ADANIPORTS,2019-07-26 09:15:00,B,6.0,379.95,32.71147548402075,
ADANIPORTS,2019-07-26 15:15:00,S,6.0,381.6,488.6514754840207,488.6514754840207
ADANIPORTS,2019-07-29 09:15:00,B,6.0,380.75,29.303804281020632,
ADANIPORTS,2019-07-29 15:15:00,S,6.0,373.7,443.9038042810205,443.9038042810205
ADANIPORTS,2019-07-30 09:30:00,B,5.0,378.65,72.72817132402105,
ADANIPORTS,2019-07-30 15:15:00,S,5.0,373.5,425.628171324021,425.628171324021
ADANIPORTS,2019-07-31 09:20:00,B,5.0,372.1,51.51311369152103,
ADANIPORTS,2019-07-31 15:15:00,S,5.0,377.55,423.61311369152105,423.61311369152105
ADANIPORTS,2019-08-01 09:15:00,B,5.0,375.85,45.755547434021025,
ADANIPORTS,2019-08-01 15:15:00,S,5.0,371.75,401.10554743402105,401.10554743402105
ADANIPORTS,2019-08-02 09:15:00,B,5.0,367.0,59.35275595402106,
ADANIPORTS,2019-08-02 15:15:00,S,5.0,375.6,426.35275595402106,426.35275595402106
ADANIPORTS,2019-08-05 09:15:00,B,5.0,370.1,54.26430972402102,
ADANIPORTS,2019-08-05 15:15:00,S,5.0,368.5,416.36430972402104,416.36430972402104
ADANIPORTS,2019-08-06 09:25:00,B,6.0,370.85,12.365812694021088,
ADANIPORTS,2019-08-06 15:15:00,S,6.0,376.8,457.38581269402107,457.38581269402107
ADANIPORTS,2019-08-07 09:15:00,B,6.0,374.0,6.183206705021121,
ADANIPORTS,2019-08-07 15:15:00,S,6.0,373.25,450.4832067050211,450.4832067050211
ADANIPORTS,2019-08-08 09:15:00,B,6.0,375.9,32.70128342002141,
ADANIPORTS,2019-08-08 15:15:00,S,6.0,375.45,481.0812834200215,481.0812834200215
ADANIPORTS,2019-08-09 09:15:00,B,6.0,376.0,27.466208669021455,
ADANIPORTS,2019-08-09 15:15:00,S,6.0,376.8,478.6662086690215,478.6662086690215
ADANIPORTS,2019-08-13 09:15:00,B,6.0,374.2,27.206585741021456,
ADANIPORTS,2019-08-13 15:15:00,S,6.0,359.45,387.746585741021,387.746585741021
ADANIPORTS,2019-08-14 09:15:00,B,5.0,359.25,30.93711639202121,
ADANIPORTS,2019-08-14 15:15:00,S,5.0,359.2,389.9371163920212,389.9371163920212
ADANIPORTS,2019-08-16 09:15:00,B,5.0,352.55,35.4627083945212,
ADANIPORTS,2019-08-16 15:15:00,S,5.0,357.0,388.0127083945212,388.0127083945212
ADANIPORTS,2019-08-19 09:25:00,B,5.0,360.0,26.112476992021186,
ADANIPORTS,2019-08-19 15:15:00,S,5.0,357.15,371.8624769920212,371.8624769920212
ADANIPORTS,2019-08-20 09:20:00,B,5.0,357.7,34.49134110952127,
ADANIPORTS,2019-08-20 15:15:00,S,5.0,354.8,377.69134110952166,377.69134110952166
ADANIPORTS,2019-08-21 09:15:00,B,5.0,354.2,21.582656734521606,
ADANIPORTS,2019-08-21 15:15:00,S,5.0,349.9,354.2826567345214,354.2826567345214
ADANIPORTS,2019-08-22 09:15:00,B,5.0,345.0,7.396367179521405,
ADANIPORTS,2019-08-22 15:15:00,S,5.0,345.35,352.3963671795214,352.3963671795214
ADANIPORTS,2019-08-23 09:15:00,B,5.0,342.2,8.347256437021429,
ADANIPORTS,2019-08-23 15:15:00,S,5.0,349.85,350.5472564370214,350.5472564370214
ADANIPORTS,2019-08-26 09:15:00,B,4.0,359.7,62.684139659521406,
ADANIPORTS,2019-08-26 15:15:00,S,4.0,367.95,350.4441396595214,350.4441396595214
ADANIPORTS,2019-08-27 09:20:00,B,5.0,370.0,17.135397133521394,
ADANIPORTS,2019-08-27 15:15:00,S,5.0,371.95,387.1353971335214,387.1353971335214
ADANIPORTS,2019-08-28 09:25:00,B,5.0,373.35,44.798193211021385,
ADANIPORTS,2019-08-28 15:15:00,S,5.0,366.5,383.8981932110214,383.8981932110214
ADANIPORTS,2019-08-29 09:15:00,B,5.0,364.65,27.015954243521435,
ADANIPORTS,2019-08-29 15:15:00,S,5.0,366.15,391.6659542435214,391.6659542435214
ADANIPORTS,2019-08-30 09:15:00,B,5.0,364.55,25.15858240352145,
ADANIPORTS,2019-08-30 15:15:00,S,5.0,366.65,389.7085824035214,389.7085824035214
ADANIPORTS,2019-09-03 09:20:00,B,5.0,362.15,33.1001841435214,
ADANIPORTS,2019-09-03 15:15:00,S,5.0,360.75,388.2501841435214,388.2501841435214
ADANIPORTS,2019-09-04 09:20:00,B,5.0,362.85,33.9637553485216,
ADANIPORTS,2019-09-04 15:15:00,S,5.0,364.0,396.8137553485216,396.8137553485216
ADANIPORTS,2019-09-05 09:20:00,B,5.0,365.5,29.36693753102162,
ADANIPORTS,2019-09-05 15:15:00,S,5.0,366.75,394.8669375310216,394.8669375310216
ADANIPORTS,2019-09-06 09:15:00,B,5.0,365.95,32.70566304352161,
ADANIPORTS,2019-09-06 15:15:00,S,5.0,365.75,397.6556630435216,397.6556630435216
ADANIPORTS,2019-09-09 09:15:00,B,5.0,365.5,36.44575300852159,
ADANIPORTS,2019-09-09 15:15:00,S,5.0,369.85,401.9457530085216,401.9457530085216
ADANIPORTS,2019-09-11 09:15:00,B,5.0,367.4,32.57640751602162,
ADANIPORTS,2019-09-11 15:15:00,S,5.0,373.75,399.9764075160216,399.9764075160216
ADANIPORTS,2019-09-12 09:15:00,B,5.0,374.0,45.741676433521604,
ADANIPORTS,2019-09-12 15:15:00,S,5.0,372.7,413.2416764335216,413.2416764335216
ADANIPORTS,2019-09-13 09:15:00,B,5.0,375.9,67.0915056485216,
ADANIPORTS,2019-09-13 15:15:00,S,5.0,373.85,432.7415056485216,432.7415056485216
ADANIPORTS,2019-09-16 09:15:00,B,5.0,372.75,57.983109036021574,
ADANIPORTS,2019-09-16 15:15:00,S,5.0,370.75,420.7331090360216,420.7331090360216
ADANIPORTS,2019-09-17 09:15:00,B,5.0,370.05,48.69145711102158,
ADANIPORTS,2019-09-17 15:15:00,S,5.0,365.4,395.4914571110216,395.4914571110216
ADANIPORTS,2019-09-18 09:20:00,B,5.0,366.8,26.721168763521575,
ADANIPORTS,2019-09-18 15:15:00,S,5.0,366.1,390.0211687635216,390.0211687635216
ADANIPORTS,2019-09-19 09:15:00,B,5.0,363.55,24.5080069685215,
ADANIPORTS,2019-09-19 15:15:00,S,5.0,361.85,379.5580069685211,379.5580069685211
ADANIPORTS,2019-09-20 09:20:00,B,5.0,364.55,13.064859298521185,
ADANIPORTS,2019-09-20 15:15:00,S,5.0,380.65,377.61485929852114,377.61485929852114
ADANIPORTS,2019-09-23 09:15:00,B,4.0,392.9,61.30001133852113,
ADANIPORTS,2019-09-23 15:15:00,S,4.0,411.0,375.6200113385211,375.6200113385211
ADANIPORTS,2019-09-24 09:20:00,B,5.0,410.6,43.79846826252134,
ADANIPORTS,2019-09-24 15:15:00,S,5.0,414.85,454.39846826252136,454.39846826252136
ADANIPORTS,2019-09-25 09:30:00,B,6.0,415.3,26.22777791502142,
ADANIPORTS,2019-09-25 15:15:00,S,6.0,415.0,522.7877779150213,522.7877779150213
ADANIPORTS,2019-09-26 09:25:00,B,6.0,416.0,42.16895083702116,
ADANIPORTS,2019-09-26 15:15:00,S,6.0,418.85,541.3689508370212,541.3689508370212
ADANIPORTS,2019-09-27 09:20:00,B,6.0,418.55,36.42578237602112,
ADANIPORTS,2019-09-27 15:15:00,S,6.0,406.7,467.5857823760208,467.5857823760208
ADANIPORTS,2019-09-30 09:30:00,B,5.0,407.8,74.23214781102115,
ADANIPORTS,2019-09-30 15:15:00,S,5.0,414.25,482.03214781102116,482.03214781102116
ADANIPORTS,2019-10-01 09:20:00,B,5.0,416.9,62.93072953352117,
ADANIPORTS,2019-10-01 15:15:00,S,5.0,405.2,421.33072953352115,421.33072953352115
ADANIPORTS,2019-10-03 09:15:00,B,5.0,400.5,50.877816078521164,
ADANIPORTS,2019-10-03 15:15:00,S,5.0,405.65,451.37781607852116,451.37781607852116
ADANIPORTS,2019-10-04 09:25:00,B,5.0,405.45,43.768889246021104,
ADANIPORTS,2019-10-04 15:15:00,S,5.0,394.45,394.2188892460209,394.2188892460209
ADANIPORTS,2019-10-07 09:15:00,B,5.0,393.35,24.475492101020905,
ADANIPORTS,2019-10-07 15:15:00,S,5.0,394.8,417.8254921010209,417.8254921010209
ADANIPORTS,2019-10-09 09:15:00,B,5.0,393.95,21.764501668521007,
ADANIPORTS,2019-10-09 15:15:00,S,5.0,400.0,415.71450166852094,415.71450166852094
ADANIPORTS,2019-10-10 09:20:00,B,5.0,399.25,21.588320646020918,
ADANIPORTS,2019-10-10 15:15:00,S,5.0,400.0,420.8383206460209,420.8383206460209
ADANIPORTS,2019-10-11 09:45:00,B,5.0,403.95,44.997545808521465,
ADANIPORTS,2019-10-11 15:15:00,S,5.0,408.8,448.9475458085214,448.9475458085214
ADANIPORTS,2019-10-14 09:20:00,B,5.0,410.8,39.72091804602144,
ADANIPORTS,2019-10-14 15:15:00,S,5.0,407.5,434.0209180460214,434.0209180460214
ADANIPORTS,2019-10-15 09:35:00,B,5.0,409.85,46.228813081021826,
ADANIPORTS,2019-10-15 15:15:00,S,5.0,413.55,456.07881308102185,456.07881308102185
ADANIPORTS,2019-10-16 09:15:00,B,5.0,411.35,42.523572511021825,
ADANIPORTS,2019-10-16 15:15:00,S,5.0,410.2,448.12357251102185,448.12357251102185
ADANIPORTS,2019-10-17 09:15:00,B,5.0,408.75,55.672923508521876,
ADANIPORTS,2019-10-17 15:15:00,S,5.0,408.1,461.1729235085219,461.1729235085219
ADANIPORTS,2019-10-18 09:15:00,B,5.0,408.6,50.38490119102187,
ADANIPORTS,2019-10-18 15:15:00,S,5.0,421.3,458.9849011910219,458.9849011910219
ADANIPORTS,2019-10-22 09:20:00,B,5.0,426.55,30.212925046021894,
ADANIPORTS,2019-10-22 15:15:00,S,5.0,421.4,431.0129250460219,431.0129250460219
ADANIPORTS,2019-10-23 09:15:00,B,5.0,411.6,80.64126232352191,
ADANIPORTS,2019-10-23 15:15:00,S,5.0,395.9,413.74126232352194,413.74126232352194
ADANIPORTS,2019-10-24 09:15:00,B,5.0,396.95,14.62715569852196,
ADANIPORTS,2019-10-24 15:15:00,S,5.0,399.5,411.57715569852195,411.57715569852195
ADANIPORTS,2019-10-25 09:15:00,B,5.0,399.9,9.544015801021999,
ADANIPORTS,2019-10-25 15:15:00,S,5.0,399.05,405.194015801022,405.194015801022
ADANIPORTS,2019-10-29 09:15:00,B,5.0,400.4,15.403924528521998,
ADANIPORTS,2019-10-29 15:15:00,S,5.0,398.75,407.553924528522,407.553924528522
ADANIPORTS,2019-10-30 09:25:00,B,5.0,403.8,1.613237546021935,
ADANIPORTS,2019-10-30 15:15:00,S,5.0,397.8,375.41323754602195,375.41323754602195
ADANIPORTS,2019-10-31 09:15:00,B,4.0,397.65,55.14566186602195,
ADANIPORTS,2019-10-31 15:15:00,S,4.0,395.9,366.26566186602196,366.26566186602196
ADANIPORTS,2019-11-01 09:15:00,B,4.0,394.65,48.84510618402197,
ADANIPORTS,2019-11-01 15:15:00,S,4.0,390.0,345.96510618402203,345.96510618402203
ADANIPORTS,2019-11-04 09:35:00,B,4.0,392.65,30.163447778022032,
ADANIPORTS,2019-11-04 15:15:00,S,4.0,391.15,338.28344777802204,338.28344777802204
ADANIPORTS,2019-11-05 09:15:00,B,4.0,390.4,24.28379978602203,
ADANIPORTS,2019-11-05 15:15:00,S,4.0,390.25,336.0037997860221,336.0037997860221
ADANIPORTS,2019-11-06 09:25:00,B,4.0,390.9,21.610982740022166,
ADANIPORTS,2019-11-06 15:15:00,S,4.0,390.35,332.1309827400223,332.1309827400223
ADANIPORTS,2019-11-07 09:20:00,B,4.0,390.7,17.89685599002229,
ADANIPORTS,2019-11-07 15:15:00,S,4.0,390.35,329.0568559900224,329.0568559900224
ADANIPORTS,2019-11-08 09:15:00,B,4.0,390.6,14.903169808022426,
ADANIPORTS,2019-11-08 15:15:00,S,4.0,386.1,309.38316980802244,309.38316980802244
ADANIPORTS,2019-11-11 09:15:00,B,4.0,384.1,0.4385559800224428,
ADANIPORTS,2019-11-11 15:15:00,S,4.0,387.85,307.7185559800225,307.7185559800225
ADANIPORTS,2019-11-13 09:15:00,B,3.0,390.3,71.88461564202248,
ADANIPORTS,2019-11-13 15:15:00,S,3.0,370.2,245.7646156420223,245.7646156420223
ADANIPORTS,2019-11-14 09:20:00,B,3.0,372.5,36.04148877702232,
ADANIPORTS,2019-11-14 15:15:00,S,3.0,369.05,249.1914887770224,249.1914887770224
ADANIPORTS,2019-11-15 09:20:00,B,3.0,369.8,26.119566275522402,
ADANIPORTS,2019-11-15 15:15:00,S,3.0,366.3,237.49956627552243,237.49956627552243
ADANIPORTS,2019-11-18 09:15:00,B,3.0,365.75,16.866400382522414,
ADANIPORTS,2019-11-18 15:15:00,S,3.0,365.45,235.41640038252234,235.41640038252234
ADANIPORTS,2019-11-19 09:15:00,B,3.0,367.3,13.861253426522325,
ADANIPORTS,2019-11-19 15:15:00,S,3.0,363.9,224.04125342652208,224.04125342652208
ADANIPORTS,2019-11-20 09:20:00,B,3.0,364.8,3.9859669705220426,
ADANIPORTS,2019-11-20 15:15:00,S,3.0,366.75,222.86596697052207,222.86596697052207
ADANIPORTS,2019-11-21 09:20:00,B,3.0,369.2,0.1703587690220445,
ADANIPORTS,2019-11-21 15:15:00,S,3.0,371.9,221.69035876902205,221.69035876902205
ADANIPORTS,2019-11-22 09:25:00,B,3.0,373.65,2.1594362260219953,
ADANIPORTS,2019-11-22 15:15:00,S,3.0,371.55,220.04943622602224,220.04943622602224
ADANIPORTS,2019-11-25 09:20:00,B,3.0,372.2,3.6317084500219323,
ADANIPORTS,2019-11-25 15:15:00,S,3.0,374.8,226.95170845002193,226.95170845002193
ADANIPORTS,2019-11-26 09:20:00,B,2.0,377.15,74.89129934002193,
ADANIPORTS,2019-11-26 15:15:00,S,2.0,369.95,211.35129934002194,211.35129934002194
ADANIPORTS,2019-11-27 09:20:00,B,2.0,371.6,69.7106254580221,
ADANIPORTS,2019-11-27 15:15:00,S,2.0,372.85,218.3506254580221,218.3506254580221
ADANIPORTS,2019-11-28 09:15:00,B,2.0,373.4,68.19304433902212,
ADANIPORTS,2019-11-28 15:15:00,S,2.0,372.35,215.4530443390222,215.4530443390222
ADANIPORTS,2019-11-29 09:20:00,B,2.0,373.95,67.5740013740222,
ADANIPORTS,2019-11-29 15:15:00,S,2.0,381.85,217.1540013740222,217.1540013740222
ADANIPORTS,2019-12-02 09:20:00,B,2.0,380.55,64.12445913802219,
ADANIPORTS,2019-12-02 15:15:00,S,2.0,377.6,210.4444591380222,210.4444591380222
ADANIPORTS,2019-12-03 09:15:00,B,2.0,376.85,74.69207356502238,
ADANIPORTS,2019-12-03 15:15:00,S,2.0,362.25,196.23207356502235,196.23207356502235
ADANIPORTS,2019-12-04 09:15:00,B,2.0,359.75,51.53974904302234,
ADANIPORTS,2019-12-04 15:15:00,S,2.0,367.9,195.43974904302235,195.43974904302235
ADANIPORTS,2019-12-05 09:15:00,B,2.0,367.75,47.56037478002236,
ADANIPORTS,2019-12-05 15:15:00,S,2.0,368.85,194.66037478002235,194.66037478002235
ADANIPORTS,2019-12-06 09:15:00,B,2.0,370.6,61.931199808022285,
ADANIPORTS,2019-12-06 15:15:00,S,2.0,365.85,200.6711998080223,200.6711998080223
ADANIPORTS,2019-12-09 09:15:00,B,2.0,365.85,55.742010049022326,
ADANIPORTS,2019-12-09 15:15:00,S,2.0,373.3,202.08201004902233,202.08201004902233
ADANIPORTS,2019-12-10 09:15:00,B,2.0,373.2,52.01029345602234,
ADANIPORTS,2019-12-10 15:15:00,S,2.0,367.4,189.69029345602232,189.69029345602232
ADANIPORTS,2019-12-11 09:15:00,B,2.0,368.3,56.47662580402229,
ADANIPORTS,2019-12-11 15:15:00,S,2.0,369.55,203.79662580402228,203.79662580402228
ADANIPORTS,2019-12-12 09:25:00,B,2.0,373.9,53.446116057022294,
ADANIPORTS,2019-12-12 15:15:00,S,2.0,371.7,198.60611605702232,198.60611605702232
ADANIPORTS,2019-12-13 09:25:00,B,2.0,375.55,50.08719930502244,
ADANIPORTS,2019-12-13 15:15:00,S,2.0,376.6,200.30719930502244,200.30719930502244
ADANIPORTS,2019-12-16 09:15:00,B,2.0,374.75,49.601362252022426,
ADANIPORTS,2019-12-16 15:15:00,S,2.0,368.15,186.3013622520224,186.3013622520224
ADANIPORTS,2019-12-17 09:15:00,B,2.0,368.65,40.14520633402242,
ADANIPORTS,2019-12-17 15:15:00,S,2.0,371.1,187.6052063340224,187.6052063340224
ADANIPORTS,2019-12-18 09:20:00,B,2.0,372.95,37.632696889022384,
ADANIPORTS,2019-12-18 15:15:00,S,2.0,374.3,186.8126968890224,186.8126968890224
ADANIPORTS,2019-12-19 09:15:00,B,2.0,373.45,41.532118794022495,
ADANIPORTS,2019-12-19 15:15:00,S,2.0,370.25,184.5121187940225,184.5121187940225
ADANIPORTS,2019-12-20 09:20:00,B,2.0,372.7,37.33520774002247,
ADANIPORTS,2019-12-20 15:15:00,S,2.0,371.95,184.91520774002257,184.91520774002257
ADANIPORTS,2019-12-23 09:20:00,B,2.0,373.15,34.857352337022576,
ADANIPORTS,2019-12-23 15:15:00,S,2.0,366.8,171.41735233702263,171.41735233702263
ADANIPORTS,2019-12-24 09:20:00,B,2.0,370.35,22.484364608022616,
ADANIPORTS,2019-12-24 15:15:00,S,2.0,368.6,167.12436460802263,167.12436460802263
ADANIPORTS,2019-12-26 09:20:00,B,2.0,368.65,18.872586299022657,
ADANIPORTS,2019-12-26 15:15:00,S,2.0,364.05,157.1325862990227,157.1325862990227
ADANIPORTS,2019-12-27 09:20:00,B,2.0,366.75,9.647418865022729,
ADANIPORTS,2019-12-27 15:15:00,S,2.0,363.35,149.54741886502276,149.54741886502276
ADANIPORTS,2019-12-30 09:15:00,B,2.0,369.2,1.0850731230227666,
ADANIPORTS,2019-12-30 15:15:00,S,2.0,365.9,142.16507312302264,142.16507312302264
ADANIPORTS,2019-12-31 09:25:00,B,1.0,366.4,68.09737328102264,
ADANIPORTS,2019-12-31 15:15:00,S,1.0,365.8,140.77737328102268,140.77737328102268
ADANIPORTS,2020-01-01 09:15:00,B,1.0,367.45,66.89511741902267,
ADANIPORTS,2020-01-01 15:15:00,S,1.0,377.25,140.38511741902266,140.38511741902266
ADANIPORTS,2020-01-02 09:15:00,B,1.0,377.15,64.55632118202267,
ADANIPORTS,2020-01-02 15:15:00,S,1.0,383.15,139.98632118202266,139.98632118202266
ADANIPORTS,2020-01-03 09:15:00,B,1.0,380.75,73.22911086902266,
ADANIPORTS,2020-01-03 15:15:00,S,1.0,382.9,149.37911086902267,149.37911086902267
ADANIPORTS,2020-01-06 09:15:00,B,2.0,383.7,1.4900481775226808,
ADANIPORTS,2020-01-06 15:15:00,S,2.0,380.05,147.67004817752272,147.67004817752272
ADANIPORTS,2020-01-07 09:25:00,B,1.0,386.35,71.73164165252268,
ADANIPORTS,2020-01-07 15:15:00,S,1.0,385.5,148.15164165252267,148.15164165252267
ADANIPORTS,2020-01-08 09:25:00,B,1.0,381.5,71.43814113902268,
ADANIPORTS,2020-01-08 15:15:00,S,1.0,385.3,147.73814113902267,147.73814113902267
ADANIPORTS,2020-01-09 09:15:00,B,1.0,388.45,69.63741571102267,
ADANIPORTS,2020-01-09 15:15:00,S,1.0,391.65,147.32741571102267,147.32741571102267
ADANIPORTS,2020-01-10 09:30:00,B,1.0,391.75,72.35955634002269,
ADANIPORTS,2020-01-10 15:15:00,S,1.0,392.2,150.7095563400227,150.7095563400227
ADANIPORTS,2020-01-13 09:20:00,B,1.0,392.75,74.93959323552268,
ADANIPORTS,2020-01-13 15:15:00,S,1.0,390.15,150.88959323552265,150.88959323552265
ADANIPORTS,2020-01-14 09:15:00,B,1.0,390.85,72.75014687652263,
ADANIPORTS,2020-01-14 15:15:00,S,1.0,389.55,149.62014687652263,149.62014687652263
ADANIPORTS,2020-01-15 09:15:00,B,1.0,386.05,71.99205929252261,
ADANIPORTS,2020-01-15 15:15:00,S,1.0,390.85,149.20205929252262,149.20205929252262
ADANIPORTS,2020-01-16 09:25:00,B,1.0,392.5,70.28593819352261,
ADANIPORTS,2020-01-16 15:15:00,S,1.0,390.35,146.63593819352263,146.63593819352263
ADANIPORTS,2020-01-17 09:15:00,B,1.0,387.8,73.45652537002258,
ADANIPORTS,2020-01-17 15:15:00,S,1.0,387.7,150.91652537002255,150.91652537002255
ADANIPORTS,2020-01-20 09:20:00,B,1.0,386.45,73.21108076502256,
ADANIPORTS,2020-01-20 15:15:00,S,1.0,380.1,144.15108076502264,144.15108076502264
ADANIPORTS,2020-01-21 09:15:00,B,1.0,377.65,68.21033701452265,
ADANIPORTS,2020-01-21 15:15:00,S,1.0,379.6,143.74033701452265,143.74033701452265
ADANIPORTS,2020-01-22 09:25:00,B,1.0,381.15,67.10469986702267,
ADANIPORTS,2020-01-22 15:15:00,S,1.0,383.6,143.33469986702266,143.33469986702266
ADANIPORTS,2020-01-23 09:15:00,B,1.0,381.95,68.4850523945227,
ADANIPORTS,2020-01-23 15:15:00,S,1.0,386.45,144.8750523945227,144.8750523945227
ADANIPORTS,2020-01-24 09:15:00,B,1.0,381.5,70.61348033052273,
ADANIPORTS,2020-01-24 15:15:00,S,1.0,384.3,146.91348033052273,146.91348033052273
ADANIPORTS,2020-01-27 09:15:00,B,1.0,381.0,74.80327561252274,
ADANIPORTS,2020-01-27 15:15:00,S,1.0,380.7,150.70327561252273,150.70327561252273
ADANIPORTS,2020-01-28 09:15:00,B,2.0,378.4,1.7352208055227436,
ADANIPORTS,2020-01-28 15:15:00,S,2.0,373.0,142.29522080552277,142.29522080552277
ADANIPORTS,2020-01-29 09:15:00,B,1.0,375.7,66.34999381752279,
ADANIPORTS,2020-01-29 15:15:00,S,1.0,383.15,141.4899938175228,141.4899938175228
ADANIPORTS,2020-01-30 09:20:00,B,1.0,380.0,65.08358203402278,
ADANIPORTS,2020-01-30 15:15:00,S,1.0,377.9,138.98358203402276,138.98358203402276
ADANIPORTS,2020-01-31 09:15:00,B,1.0,378.35,70.35753592502276,
ADANIPORTS,2020-01-31 15:15:00,S,1.0,368.6,136.27753592502276,136.27753592502276
ADANIPORTS,2020-02-01 09:20:00,B,1.0,364.85,62.907241090522774,
ADANIPORTS,2020-02-01 15:15:00,S,1.0,361.4,132.42724109052273,132.42724109052273
ADANIPORTS,2020-02-03 09:25:00,B,1.0,365.1,59.01812995302271,
ADANIPORTS,2020-02-03 15:15:00,S,1.0,367.8,132.03812995302272,132.03812995302272
ADANIPORTS,2020-02-04 09:15:00,B,1.0,369.5,57.74554859402272,
ADANIPORTS,2020-02-04 15:15:00,S,1.0,373.7,131.64554859402273,131.64554859402273
ADANIPORTS,2020-02-05 09:15:00,B,1.0,369.75,59.99747192202271,
ADANIPORTS,2020-02-05 15:15:00,S,1.0,366.35,130.54747192202274,130.54747192202274
ADANIPORTS,2020-02-06 09:15:00,B,1.0,369.65,60.42308479102273,
ADANIPORTS,2020-02-06 15:15:00,S,1.0,370.75,134.35308479102272,134.35308479102272
ADANIPORTS,2020-02-07 09:30:00,B,1.0,371.45,59.66646160702274,
ADANIPORTS,2020-02-07 15:15:00,S,1.0,370.0,132.5064616070228,132.5064616070228
ADANIPORTS,2020-02-10 09:25:00,B,1.0,371.0,59.00923767752282,
ADANIPORTS,2020-02-10 15:15:00,S,1.0,369.4,131.6092376775228,131.6092376775228
ADANIPORTS,2020-02-11 09:40:00,B,1.0,373.4,56.5325739935228,
ADANIPORTS,2020-02-11 15:15:00,S,1.0,373.9,131.2125739935228,131.2125739935228
ADANIPORTS,2020-02-12 09:25:00,B,1.0,377.3,55.352245410522784,
ADANIPORTS,2020-02-12 15:15:00,S,1.0,374.85,128.36224541052275,128.36224541052275
ADANIPORTS,2020-02-13 09:15:00,B,1.0,371.5,54.15927438402274,
ADANIPORTS,2020-02-13 15:15:00,S,1.0,369.65,126.60927438402271,126.60927438402271
ADANIPORTS,2020-02-14 09:25:00,B,1.0,370.95,52.02220516752271,
ADANIPORTS,2020-02-14 15:15:00,S,1.0,366.4,121.6622051675227,121.6622051675227
ADANIPORTS,2020-02-17 09:15:00,B,1.0,363.5,48.5671311490227,
ADANIPORTS,2020-02-17 15:15:00,S,1.0,363.0,120.7671311490227,120.7671311490227
ADANIPORTS,2020-02-18 09:15:00,B,1.0,360.6,48.2579303340227,
ADANIPORTS,2020-02-18 15:15:00,S,1.0,366.2,120.37793033402271,120.37793033402271
ADANIPORTS,2020-02-19 09:20:00,B,1.0,371.65,45.65866030602271,
ADANIPORTS,2020-02-19 15:15:00,S,1.0,371.1,119.43866030602275,119.43866030602275
ADANIPORTS,2020-02-20 09:30:00,B,1.0,371.8,50.28075345352272,
ADANIPORTS,2020-02-20 15:15:00,S,1.0,370.75,123.59075345352271,123.59075345352271
ADANIPORTS,2020-02-24 09:15:00,B,1.0,365.5,50.09294624302271,
ADANIPORTS,2020-02-24 15:15:00,S,1.0,362.15,119.84294624302268,119.84294624302268
ADANIPORTS,2020-02-25 09:15:00,B,1.0,361.6,47.13308661152267,
ADANIPORTS,2020-02-25 15:15:00,S,1.0,358.25,116.10308661152266,116.10308661152266
ADANIPORTS,2020-02-26 09:15:00,B,1.0,355.3,44.65740551802266,
ADANIPORTS,2020-02-26 15:15:00,S,1.0,359.0,115.71740551802266,115.71740551802266
ADANIPORTS,2020-02-27 09:15:00,B,1.0,358.05,43.724803365022666,
ADANIPORTS,2020-02-27 15:15:00,S,1.0,352.95,110.23480336502264,110.23480336502264
ADANIPORTS,2020-02-28 09:20:00,B,1.0,345.25,44.50383705502263,
ADANIPORTS,2020-02-28 15:15:00,S,1.0,342.75,111.05383705502263,111.05383705502263
ADANIPORTS,2020-03-02 09:20:00,B,1.0,344.85,41.71523107502263,
ADANIPORTS,2020-03-02 15:15:00,S,1.0,340.65,106.48523107502258,106.48523107502258
ADANIPORTS,2020-03-03 09:20:00,B,1.0,346.0,36.91793887002258,
ADANIPORTS,2020-03-03 15:15:00,S,1.0,348.25,106.11793887002258,106.11793887002258
ADANIPORTS,2020-03-04 09:20:00,B,1.0,346.75,36.39605595252259,
ADANIPORTS,2020-03-04 15:15:00,S,1.0,346.4,105.39605595252256,105.39605595252256
ADANIPORTS,2020-03-05 09:20:00,B,1.0,349.9,37.29472331602257,
ADANIPORTS,2020-03-05 15:15:00,S,1.0,348.75,106.12472331602258,106.12472331602258
ADANIPORTS,2020-03-06 09:15:00,B,1.0,336.7,38.41043227452258,
ADANIPORTS,2020-03-06 15:15:00,S,1.0,341.45,105.75043227452258,105.75043227452258
ADANIPORTS,2020-03-09 09:15:00,B,1.0,332.7,38.84721178802259,
ADANIPORTS,2020-03-09 15:15:00,S,1.0,321.4,94.08721178802263,94.08721178802263
ADANIPORTS,2020-03-11 09:30:00,B,1.0,325.25,33.43663437702257,
ADANIPORTS,2020-03-11 15:15:00,S,1.0,319.8,93.03663437702258,93.03663437702258
ADANIPORTS,2020-03-12 09:25:00,B,1.0,290.95,34.500992891522586,
ADANIPORTS,2020-03-12 15:15:00,S,1.0,287.1,88.84099289152262,88.84099289152262
ADANIPORTS,2020-03-13 09:15:00,B,1.0,241.55,40.22126797602262,
ADANIPORTS,2020-03-13 15:15:00,S,1.0,293.0,88.53126797602262,88.53126797602262
ADANIPORTS,2020-03-16 09:20:00,B,1.0,271.5,33.94567594552262,
ADANIPORTS,2020-03-16 15:15:00,S,1.0,263.05,79.79567594552263,79.79567594552263
ADANIPORTS,2020-03-17 09:40:00,B,2.0,274.6,21.119185415022628,
ADANIPORTS,2020-03-17 15:15:00,S,2.0,267.6,116.95918541502263,116.95918541502263
ADANIPORTS,2020-03-18 09:15:00,B,2.0,268.5,8.978051491022626,
ADANIPORTS,2020-03-18 15:15:00,S,2.0,261.0,101.37805149102263,101.37805149102263
ADANIPORTS,2020-03-19 09:15:00,B,2.0,244.75,2.910509601022625,
ADANIPORTS,2020-03-19 15:15:00,S,2.0,259.0,100.81050960102263,100.81050960102263
ADANIPORTS,2020-03-20 09:25:00,B,1.0,259.0,48.471209276022634,
ADANIPORTS,2020-03-20 15:15:00,S,1.0,259.1,100.27120927602263,100.27120927602263
ADANIPORTS,2020-03-23 09:15:00,B,2.0,230.8,36.17365942502262,
ADANIPORTS,2020-03-23 15:15:00,S,2.0,206.9,80.69365942502262,80.69365942502262
ADANIPORTS,2020-03-24 09:20:00,B,1.0,219.9,36.343981891022636,
ADANIPORTS,2020-03-24 15:15:00,S,1.0,232.15,80.32398189102264,80.32398189102264
ADANIPORTS,2020-03-25 09:30:00,B,1.0,235.0,33.08199793552264,
ADANIPORTS,2020-03-25 15:15:00,S,1.0,253.4,80.08199793552264,80.08199793552264
ADANIPORTS,2020-03-26 09:15:00,B,1.0,251.7,41.73063317152262,
ADANIPORTS,2020-03-26 15:15:00,S,1.0,248.1,88.47063317152262,88.47063317152262
ADANIPORTS,2020-03-27 09:15:00,B,2.0,257.85,3.4628313135226136,
ADANIPORTS,2020-03-27 15:15:00,S,2.0,251.2,93.30283131352256,93.30283131352256
ADANIPORTS,2020-03-30 09:15:00,B,1.0,242.35,44.28722546252256,
ADANIPORTS,2020-03-30 15:15:00,S,1.0,251.95,92.75722546252256,92.75722546252256
ADANIPORTS,2020-03-31 09:25:00,B,1.0,251.4,42.212568009522556,
ADANIPORTS,2020-03-31 15:15:00,S,1.0,251.0,92.09256800952255,92.09256800952255
ADANIPORTS,2020-04-01 09:15:00,B,2.0,243.45,4.043421305522543,
ADANIPORTS,2020-04-01 15:15:00,S,2.0,245.3,101.42342130552254,101.42342130552254
ADANIPORTS,2020-04-03 09:15:00,B,2.0,243.45,3.519820280522538,
ADANIPORTS,2020-04-03 15:15:00,S,2.0,244.45,100.89982028052253,100.89982028052253
ADANIPORTS,2020-04-07 09:15:00,B,2.0,252.35,3.1371044625225863,
ADANIPORTS,2020-04-07 15:15:00,S,2.0,248.75,96.8771044625226,96.8771044625226
ADANIPORTS,2020-04-08 09:15:00,B,2.0,245.6,0.10010790052260177,
ADANIPORTS,2020-04-08 15:15:00,S,2.0,250.6,98.3401079005226,98.3401079005226
ADANIPORTS,2020-04-09 09:15:00,B,1.0,249.5,47.908619296522595,
ADANIPORTS,2020-04-09 15:15:00,S,1.0,251.75,97.8086192965226,97.8086192965226
ADANIPORTS,2020-04-13 09:20:00,B,2.0,253.0,6.340128409022597,
ADANIPORTS,2020-04-13 15:15:00,S,2.0,262.25,107.5401284090226,107.5401284090226
ADANIPORTS,2020-04-15 09:25:00,B,2.0,267.8,2.1183567540225994,
ADANIPORTS,2020-04-15 15:15:00,S,2.0,267.8,109.2383567540226,109.2383567540226
ADANIPORTS,2020-04-16 09:15:00,B,2.0,263.2,21.884504202022597,
ADANIPORTS,2020-04-16 15:15:00,S,2.0,267.7,127.1645042020226,127.1645042020226
ADANIPORTS,2020-04-17 09:15:00,B,2.0,272.6,17.555822324022586,
ADANIPORTS,2020-04-17 15:15:00,S,2.0,268.4,118.1958223240225,118.1958223240225
ADANIPORTS,2020-04-20 09:15:00,B,2.0,270.95,18.236058104022504,
ADANIPORTS,2020-04-20 15:15:00,S,2.0,271.15,126.6160581040225,126.6160581040225
ADANIPORTS,2020-04-21 09:20:00,B,2.0,263.6,20.595247322022487,
ADANIPORTS,2020-04-21 15:15:00,S,2.0,265.1,126.0352473220225,126.0352473220225
ADANIPORTS,2020-04-22 09:20:00,B,2.0,261.55,21.24883256802248,
ADANIPORTS,2020-04-22 15:15:00,S,2.0,271.7,125.86883256802248,125.86883256802248
ADANIPORTS,2020-04-23 09:15:00,B,2.0,270.2,20.217802353022492,
ADANIPORTS,2020-04-23 15:15:00,S,2.0,277.25,128.2978023530225,128.2978023530225
ADANIPORTS,2020-04-24 09:25:00,B,2.0,274.0,38.41146497402244,
ADANIPORTS,2020-04-24 15:15:00,S,2.0,270.8,141.61146497402245,141.61146497402245
ADANIPORTS,2020-04-27 09:25:00,B,2.0,275.75,44.82765935802247,
ADANIPORTS,2020-04-27 15:15:00,S,2.0,271.5,146.62765935802247,146.62765935802247
ADANIPORTS,2020-04-28 09:20:00,B,2.0,271.8,37.32119726302247,
ADANIPORTS,2020-04-28 15:15:00,S,2.0,273.35,146.04119726302247,146.04119726302247
ADANIPORTS,2020-04-29 09:15:00,B,2.0,273.2,36.177159150022476,
ADANIPORTS,2020-04-29 15:15:00,S,2.0,289.9,145.45715915002248,145.45715915002248
ADANIPORTS,2020-04-30 09:15:00,B,2.0,291.65,31.29434354802251,
ADANIPORTS,2020-04-30 15:15:00,S,2.0,291.0,146.65434354802255,146.65434354802255
ADANIPORTS,2020-05-04 09:15:00,B,3.0,271.3,16.65006118502251,
ADANIPORTS,2020-05-04 15:15:00,S,3.0,266.6,165.33006118502252,165.33006118502252
ADANIPORTS,2020-05-05 09:15:00,B,3.0,269.45,2.7953744580225077,
ADANIPORTS,2020-05-05 15:15:00,S,3.0,263.55,146.76537445802248,146.76537445802248
ADANIPORTS,2020-05-06 09:25:00,B,2.0,268.55,38.488508668022476,
ADANIPORTS,2020-05-06 15:15:00,S,2.0,270.35,145.90850866802248,145.90850866802248
ADANIPORTS,2020-05-07 09:45:00,B,2.0,278.1,34.09117443002248,
ADANIPORTS,2020-05-07 15:15:00,S,2.0,282.35,145.3311744300225,145.3311744300225
ADANIPORTS,2020-05-08 09:15:00,B,2.0,285.0,34.33082459102252,
ADANIPORTS,2020-05-08 15:15:00,S,2.0,285.7,148.33082459102252,148.33082459102252
ADANIPORTS,2020-05-11 09:20:00,B,2.0,287.4,41.25938619702252,
ADANIPORTS,2020-05-11 15:15:00,S,2.0,289.95,156.21938619702252,156.21938619702252
ADANIPORTS,2020-05-12 09:15:00,B,2.0,288.55,41.58087836002248,
ADANIPORTS,2020-05-12 15:15:00,S,2.0,292.0,157.00087836002248,157.00087836002248
ADANIPORTS,2020-05-13 09:15:00,B,2.0,289.85,45.5389689790225,
ADANIPORTS,2020-05-13 15:15:00,S,2.0,309.6,161.4789689790225,161.4789689790225
ADANIPORTS,2020-05-14 09:25:00,B,2.0,306.5,45.1372987600225,
ADANIPORTS,2020-05-14 15:15:00,S,2.0,306.6,167.7372987600225,167.7372987600225
ADANIPORTS,2020-05-15 09:15:00,B,3.0,307.0,22.380414158022518,
ADANIPORTS,2020-05-15 15:15:00,S,3.0,309.1,206.5804141580225,206.5804141580225
ADANIPORTS,2020-05-18 09:20:00,B,3.0,305.05,22.760355865022518,
ADANIPORTS,2020-05-18 15:15:00,S,3.0,293.45,170.99035586502237,170.99035586502237
ADANIPORTS,2020-05-19 09:20:00,B,2.0,300.15,56.26796656002246,
ADANIPORTS,2020-05-19 15:15:00,S,2.0,319.95,176.32796656002245,176.32796656002245
ADANIPORTS,2020-05-20 09:15:00,B,2.0,316.55,49.044173018022434,
ADANIPORTS,2020-05-20 15:15:00,S,2.0,323.65,175.66417301802244,175.66417301802244
ADANIPORTS,2020-05-21 09:15:00,B,3.0,318.55,23.448462934022473,
ADANIPORTS,2020-05-21 15:15:00,S,3.0,317.35,210.97846293402256,210.97846293402256
ADANIPORTS,2020-05-22 09:15:00,B,3.0,311.2,37.436434967022535,
ADANIPORTS,2020-05-22 15:15:00,S,3.0,311.7,224.1564349670225,224.1564349670225
ADANIPORTS,2020-05-26 09:25:00,B,3.0,315.85,33.64537619002252,
ADANIPORTS,2020-05-26 15:15:00,S,3.0,315.8,223.00537619002264,223.00537619002264
ADANIPORTS,2020-05-27 09:25:00,B,3.0,317.5,32.990230275522634,
ADANIPORTS,2020-05-27 15:15:00,S,3.0,327.0,223.49023027552263,223.49023027552263
ADANIPORTS,2020-05-28 09:20:00,B,3.0,329.4,24.814862490522643,
ADANIPORTS,2020-05-28 15:15:00,S,3.0,331.8,222.45486249052263,222.45486249052263
ADANIPORTS,2020-05-29 09:15:00,B,3.0,326.4,54.05233613452262,
ADANIPORTS,2020-05-29 15:15:00,S,3.0,323.5,241.19233613452258,241.19233613452258
ADANIPORTS,2020-06-01 09:20:00,B,3.0,332.55,47.81773184752271,
ADANIPORTS,2020-06-01 15:15:00,S,3.0,328.8,236.09773184752274,236.09773184752274
ADANIPORTS,2020-06-02 09:20:00,B,3.0,330.1,36.9746876720227,
ADANIPORTS,2020-06-02 15:15:00,S,3.0,339.45,235.03468767202273,235.03468767202273
ADANIPORTS,2020-06-03 09:15:00,B,3.0,340.7,29.53905453052272,
ADANIPORTS,2020-06-03 15:15:00,S,3.0,340.25,232.6090545305226,232.6090545305226
ADANIPORTS,2020-06-04 09:20:00,B,3.0,340.1,55.50465910702232,
ADANIPORTS,2020-06-04 15:15:00,S,3.0,340.0,259.26465910702217,259.26465910702217
ADANIPORTS,2020-06-05 09:15:00,B,3.0,338.8,54.89164549402216,
ADANIPORTS,2020-06-05 15:15:00,S,3.0,340.95,258.1716454940222,258.1716454940222
ADANIPORTS,2020-06-08 09:20:00,B,3.0,346.55,49.14929562652219,
ADANIPORTS,2020-06-08 15:15:00,S,3.0,342.75,245.6792956265221,245.6792956265221
ADANIPORTS,2020-06-09 09:15:00,B,3.0,343.35,45.01132991752192,
ADANIPORTS,2020-06-09 15:15:00,S,3.0,346.15,251.0213299175219,251.0213299175219
ADANIPORTS,2020-06-10 09:20:00,B,3.0,347.6,41.353339782521886,
ADANIPORTS,2020-06-10 15:15:00,S,3.0,346.45,246.46333978252164,246.46333978252164
ADANIPORTS,2020-06-11 09:15:00,B,3.0,345.75,46.297859456021484,
ADANIPORTS,2020-06-11 15:15:00,S,3.0,339.8,235.8978594560216,235.8978594560216
ADANIPORTS,2020-06-12 09:25:00,B,3.0,332.45,35.325823734521634,
ADANIPORTS,2020-06-12 15:15:00,S,3.0,346.4,234.7958237345216,234.7958237345216
ADANIPORTS,2020-06-15 09:15:00,B,3.0,341.65,28.715451284021583,
ADANIPORTS,2020-06-15 15:15:00,S,3.0,340.0,228.75545128402155,228.75545128402155
ADANIPORTS,2020-06-16 09:15:00,B,3.0,345.35,62.29987686952143,
ADANIPORTS,2020-06-16 15:15:00,S,3.0,340.95,256.3098768695212,256.3098768695212
ADANIPORTS,2020-06-17 09:15:00,B,3.0,338.8,51.92670555052115,
ADANIPORTS,2020-06-17 15:15:00,S,3.0,340.5,255.20670555052118,255.20670555052118
ADANIPORTS,2020-06-18 09:15:00,B,3.0,338.55,50.985058641521164,
ADANIPORTS,2020-06-18 15:15:00,S,3.0,343.9,254.1150586415212,254.1150586415212
ADANIPORTS,2020-06-19 09:15:00,B,3.0,342.25,52.768513523021056,
ADANIPORTS,2020-06-19 15:15:00,S,3.0,348.35,258.1185135230211,258.1185135230211
ADANIPORTS,2020-06-22 09:15:00,B,3.0,347.8,64.37890404502082,
ADANIPORTS,2020-06-22 15:15:00,S,3.0,349.95,273.0589040450208,273.0589040450208
ADANIPORTS,2020-06-23 09:15:00,B,4.0,349.05,10.997625837521014,
ADANIPORTS,2020-06-23 15:15:00,S,4.0,356.0,290.237625837521,290.237625837521
ADANIPORTS,2020-06-24 09:15:00,B,4.0,355.15,11.057233495520848,
ADANIPORTS,2020-06-24 15:15:00,S,4.0,352.9,286.17723349552085,286.17723349552085
ADANIPORTS,2020-06-25 09:15:00,B,4.0,348.4,33.739860633520834,
ADANIPORTS,2020-06-25 15:15:00,S,4.0,344.8,298.05986063352094,298.05986063352094
ADANIPORTS,2020-06-26 09:20:00,B,4.0,347.15,18.85422794552096,
ADANIPORTS,2020-06-26 15:15:00,S,4.0,342.95,279.774227945521,279.774227945521
ADANIPORTS,2020-06-29 09:15:00,B,4.0,340.5,5.89520206152099,
ADANIPORTS,2020-06-29 15:15:00,S,4.0,343.95,278.29520206152097,278.29520206152097
ADANIPORTS,2020-06-30 09:20:00,B,3.0,346.55,68.89874222352097,
ADANIPORTS,2020-06-30 15:15:00,S,3.0,344.3,270.078742223521,270.078742223521
ADANIPORTS,2020-07-01 09:15:00,B,4.0,345.0,6.768355213020925,
ADANIPORTS,2020-07-01 15:15:00,S,4.0,344.45,280.5683552130209,280.5683552130209
ADANIPORTS,2020-07-02 09:25:00,B,3.0,348.9,69.75094117502087,
ADANIPORTS,2020-07-02 15:15:00,S,3.0,346.25,271.1409411750208,271.1409411750208
ADANIPORTS,2020-07-03 09:15:00,B,3.0,349.75,60.17362550552082,
ADANIPORTS,2020-07-03 15:15:00,S,3.0,359.9,270.02362550552084,270.02362550552084
ADANIPORTS,2020-07-06 09:15:00,B,3.0,364.15,50.39358245102085,
ADANIPORTS,2020-07-06 15:15:00,S,3.0,360.25,257.1835824510208,257.1835824510208
ADANIPORTS,2020-07-07 09:15:00,B,4.0,355.75,1.8692019790206018,
ADANIPORTS,2020-07-07 15:15:00,S,4.0,346.4,249.06920197902053,249.06920197902053
ADANIPORTS,2020-07-08 09:15:00,B,3.0,347.85,38.85404587302051,
ADANIPORTS,2020-07-08 15:15:00,S,3.0,340.25,224.76404587302036,224.76404587302036
ADANIPORTS,2020-07-09 09:25:00,B,3.0,344.3,17.07783772002037,
ADANIPORTS,2020-07-09 15:15:00,S,3.0,344.25,223.5078377200205,223.5078377200205
ADANIPORTS,2020-07-10 09:15:00,B,3.0,334.95,21.431246108520526,
ADANIPORTS,2020-07-10 15:15:00,S,3.0,335.25,222.4012461085205,222.4012461085205
ADANIPORTS,2020-07-13 09:20:00,B,3.0,336.0,19.72416108252048,
ADANIPORTS,2020-07-13 15:15:00,S,3.0,332.3,210.22416108252048,210.22416108252048
ADANIPORTS,2020-07-14 09:15:00,B,3.0,330.0,12.04994960352056,
ADANIPORTS,2020-07-14 15:15:00,S,3.0,320.35,181.09994960352063,181.09994960352063
ADANIPORTS,2020-07-15 09:35:00,B,2.0,322.95,50.874318358020616,
ADANIPORTS,2020-07-15 15:15:00,S,2.0,314.75,163.65431835802053,163.65431835802053
ADANIPORTS,2020-07-16 09:15:00,B,2.0,310.95,38.59082782402055,
ADANIPORTS,2020-07-16 15:15:00,S,2.0,311.05,162.97082782402055,162.97082782402055
ADANIPORTS,2020-07-17 09:35:00,B,2.0,317.65,35.24440758402055,
ADANIPORTS,2020-07-17 15:15:00,S,2.0,312.8,152.6044075840206,152.6044075840206
ADANIPORTS,2020-07-20 09:20:00,B,2.0,316.05,25.708785345020644,
ADANIPORTS,2020-07-20 15:15:00,S,2.0,317.15,152.12878534502065,152.12878534502065
ADANIPORTS,2020-07-21 09:25:00,B,2.0,324.0,21.85039520102066,
ADANIPORTS,2020-07-21 15:15:00,S,2.0,315.0,133.45039520102065,133.45039520102065
ADANIPORTS,2020-07-22 09:20:00,B,2.0,316.0,8.565487821020582,
ADANIPORTS,2020-07-22 15:15:00,S,2.0,312.25,127.46548782102059,127.46548782102059
ADANIPORTS,2020-07-23 09:40:00,B,2.0,315.5,0.5922557060205804,
ADANIPORTS,2020-07-23 15:15:00,S,2.0,313.55,122.8922557060206,122.8922557060206
ADANIPORTS,2020-07-24 09:15:00,B,1.0,311.6,59.89822045502059,
ADANIPORTS,2020-07-24 15:15:00,S,1.0,309.05,119.66822045502059,119.66822045502059
ADANIPORTS,2020-07-27 09:15:00,B,1.0,306.0,58.13569379352059,
ADANIPORTS,2020-07-27 15:15:00,S,1.0,309.3,119.33569379352059,119.33569379352059
ADANIPORTS,2020-07-28 09:20:00,B,1.0,310.95,56.8161209305206,
ADANIPORTS,2020-07-28 15:15:00,S,1.0,318.75,119.0061209305206,119.0061209305206
ADANIPORTS,2020-07-29 09:15:00,B,1.0,315.2,58.9289013435206,
ADANIPORTS,2020-07-29 15:15:00,S,1.0,315.5,121.9689013435206,121.9689013435206
ADANIPORTS,2020-07-30 09:15:00,B,2.0,317.5,2.4310335465206094,
ADANIPORTS,2020-07-30 15:15:00,S,2.0,312.6,119.63103354652065,119.63103354652065
ADANIPORTS,2020-07-31 09:25:00,B,1.0,317.3,55.79578480452067,
ADANIPORTS,2020-07-31 15:15:00,S,1.0,315.35,117.30578480452068,117.30578480452068
ADANIPORTS,2020-08-03 09:20:00,B,1.0,311.7,54.62683862302068,
ADANIPORTS,2020-08-03 15:15:00,S,1.0,311.7,116.96683862302068,116.96683862302068
ADANIPORTS,2020-08-04 09:30:00,B,1.0,315.2,53.592877009020675,
ADANIPORTS,2020-08-04 15:15:00,S,1.0,313.8,115.2328770090207,115.2328770090207
ADANIPORTS,2020-08-05 09:15:00,B,1.0,315.7,51.75589441902069,
ADANIPORTS,2020-08-05 15:15:00,S,1.0,327.4,114.89589441902069,114.89589441902069
ADANIPORTS,2020-08-06 09:15:00,B,1.0,328.0,48.951554818020696,
ADANIPORTS,2020-08-06 15:15:00,S,1.0,323.55,110.1015548180207,110.1015548180207
ADANIPORTS,2020-08-07 09:25:00,B,1.0,326.25,56.20244621752069,
ADANIPORTS,2020-08-07 15:15:00,S,1.0,326.8,121.45244621752069,121.45244621752069
ADANIPORTS,2020-08-10 09:15:00,B,1.0,326.75,55.75260905202069,
ADANIPORTS,2020-08-10 15:15:00,S,1.0,331.45,121.10260905202068,121.10260905202068
ADANIPORTS,2020-08-11 09:15:00,B,1.0,332.55,54.79007523002069,
ADANIPORTS,2020-08-11 15:15:00,S,1.0,334.8,121.3000752300207,121.3000752300207
ADANIPORTS,2020-08-12 09:20:00,B,1.0,342.4,57.16260291152069,
ADANIPORTS,2020-08-12 15:15:00,S,1.0,341.55,124.79260291152072,124.79260291152072
ADANIPORTS,2020-08-13 09:30:00,B,1.0,344.8,57.71619130702071,
ADANIPORTS,2020-08-13 15:15:00,S,1.0,347.65,126.67619130702072,126.67619130702072
ADANIPORTS,2020-08-14 09:15:00,B,1.0,351.3,56.04528166752071,
ADANIPORTS,2020-08-14 15:15:00,S,1.0,348.45,123.4552816675207,123.4552816675207
ADANIPORTS,2020-08-17 09:20:00,B,1.0,352.25,55.4803758450206,
ADANIPORTS,2020-08-17 15:15:00,S,1.0,357.45,125.9303758450206,125.9303758450206
ADANIPORTS,2020-08-18 09:15:00,B,1.0,356.65,54.220260458020604,
ADANIPORTS,2020-08-18 15:15:00,S,1.0,357.25,125.5502604580206,125.5502604580206
ADANIPORTS,2020-08-19 09:25:00,B,1.0,364.55,57.457826089020585,
ADANIPORTS,2020-08-19 15:15:00,S,1.0,357.4,123.2178260890206,123.2178260890206
ADANIPORTS,2020-08-20 09:15:00,B,1.0,349.65,53.50096300452063,
ADANIPORTS,2020-08-20 15:15:00,S,1.0,353.45,123.43096300452062,123.43096300452062
ADANIPORTS,2020-08-21 09:15:00,B,1.0,357.2,51.61436230352062,
ADANIPORTS,2020-08-21 15:15:00,S,1.0,353.85,119.70436230352065,119.70436230352065
ADANIPORTS,2020-08-24 09:35:00,B,1.0,360.95,50.93339545802067,
ADANIPORTS,2020-08-24 15:15:00,S,1.0,349.35,111.5233954580207,111.5233954580207
ADANIPORTS,2020-08-25 09:15:00,B,1.0,350.45,41.05270664502069,
ADANIPORTS,2020-08-25 15:15:00,S,1.0,345.65,106.34270664502063,106.34270664502063
ADANIPORTS,2020-08-26 09:20:00,B,1.0,348.25,36.31972691402062,
ADANIPORTS,2020-08-26 15:15:00,S,1.0,354.2,105.96972691402063,105.96972691402063
ADANIPORTS,2020-08-27 09:15:00,B,1.0,355.8,34.43350667452063,
ADANIPORTS,2020-08-27 15:15:00,S,1.0,350.0,99.79350667452067,99.79350667452067
ADANIPORTS,2020-08-28 09:15:00,B,1.0,353.0,34.76531555652066,
ADANIPORTS,2020-08-28 15:15:00,S,1.0,358.9,105.36531555652066,105.36531555652066
ADANIPORTS,2020-08-31 09:15:00,B,1.0,363.5,32.28403210752066,
ADANIPORTS,2020-08-31 15:15:00,S,1.0,356.15,97.63403210752064,97.63403210752064
ADANIPORTS,2020-09-01 09:20:00,B,1.0,356.3,31.888398156020614,
ADANIPORTS,2020-09-01 15:15:00,S,1.0,349.85,96.69839815602063,96.69839815602063
ADANIPORTS,2020-09-02 09:15:00,B,1.0,346.3,27.06000978952062,
ADANIPORTS,2020-09-02 15:15:00,S,1.0,360.35,96.32000978952063,96.32000978952063
ADANIPORTS,2020-09-03 09:15:00,B,1.0,362.95,23.35166106802062,
ADANIPORTS,2020-09-03 15:15:00,S,1.0,366.9,95.94166106802062,95.94166106802062
ADANIPORTS,2020-09-04 09:15:00,B,1.0,359.6,37.68073237452063,
ADANIPORTS,2020-09-04 15:15:00,S,1.0,353.4,103.40073237452059,103.40073237452059
ADANIPORTS,2020-09-07 09:20:00,B,1.0,355.9,35.78867814452053,
ADANIPORTS,2020-09-07 15:15:00,S,1.0,351.65,102.71867814452052,102.71867814452052
ADANIPORTS,2020-09-08 09:20:00,B,1.0,352.75,31.78957278402052,
ADANIPORTS,2020-09-08 15:15:00,S,1.0,345.5,95.08957278402052,95.08957278402052
ADANIPORTS,2020-09-09 09:15:00,B,1.0,341.85,26.34540452652051,
ADANIPORTS,2020-09-09 15:15:00,S,1.0,344.2,94.71540452652052,94.71540452652052
ADANIPORTS,2020-09-10 09:20:00,B,1.0,346.8,24.98791593102051,
ADANIPORTS,2020-09-10 15:15:00,S,1.0,341.4,88.94791593102047,88.94791593102047
ADANIPORTS,2020-09-11 09:15:00,B,1.0,340.45,22.83915930902043,
ADANIPORTS,2020-09-11 15:15:00,S,1.0,342.25,90.92915930902043,90.92915930902043
ADANIPORTS,2020-09-14 09:20:00,B,1.0,346.6,21.24345709202042,
ADANIPORTS,2020-09-14 15:15:00,S,1.0,351.85,90.56345709202043,90.56345709202043
ADANIPORTS,2020-09-15 09:20:00,B,1.0,354.3,21.129369192520386,
ADANIPORTS,2020-09-15 15:15:00,S,1.0,353.0,90.68936919252037,90.68936919252037
ADANIPORTS,2020-09-16 09:20:00,B,1.0,353.55,24.850442009520364,
ADANIPORTS,2020-09-16 15:15:00,S,1.0,353.7,95.56044200952037,95.56044200952037
ADANIPORTS,2020-09-17 09:15:00,B,1.0,351.35,24.91156336202036,
ADANIPORTS,2020-09-17 15:15:00,S,1.0,346.55,90.38156336202036,90.38156336202036
ADANIPORTS,2020-09-18 09:25:00,B,1.0,349.55,20.247619353020283,
ADANIPORTS,2020-09-18 15:15:00,S,1.0,359.0,90.15761935302028,90.15761935302028
ADANIPORTS,2020-09-21 09:15:00,B,1.0,354.45,18.888183782520287,
ADANIPORTS,2020-09-21 15:15:00,S,1.0,347.3,82.62818378252031,82.62818378252031
ADANIPORTS,2020-09-22 09:15:00,B,1.0,340.0,23.702142040020362,
ADANIPORTS,2020-09-22 15:15:00,S,1.0,331.15,82.85214204002034,82.85214204002034
ADANIPORTS,2020-09-23 09:20:00,B,1.0,332.5,15.992467523520347,
ADANIPORTS,2020-09-23 15:15:00,S,1.0,324.75,74.74246752352035,74.74246752352035
ADANIPORTS,2020-09-24 09:15:00,B,1.0,319.2,10.550255876020351,
ADANIPORTS,2020-09-24 15:15:00,S,1.0,313.2,68.39025587602035,68.39025587602035
ADANIPORTS,2020-09-25 09:40:00,B,1.0,325.6,2.931382872020336,
ADANIPORTS,2020-09-25 15:15:00,S,1.0,326.75,68.05138287202034,68.05138287202034
ADANIPORTS,2020-09-28 09:25:00,B,1.0,336.2,0.46192970352034024,
ADANIPORTS,2020-09-28 15:15:00,S,1.0,339.65,67.70192970352034,67.70192970352034
